,0,1,2,3,4,5,6,7,8,9,10,11,12,13,14,15,16,17,18,19,20,21,22,23,24,25,26,27,28,29,30,31,32,33,34,35,36,37,38,39,40,41,42,43,44,45,46,47,48,49,50,51,52,53,54,55,56,57
0,-1.1055212942848123e-19,-6.380159236421282e-19,4.5493388074723965e-20,-9.440459600365208e-20,-2.8529434984234966e-19,-1.7050008593016336e-19,5.840869772614247e-20,6.794384956911176e-19,5.589517711294969e-19,-5.043804904252766e-19,-2.3756588418428785e-19,-3.953091446128839e-20,-2.4018321174914136e-19,5.0667148963297065e-19,1.967691255716093e-19,1.3216008876875502e-19,7.041756715850019e-19,1.2042786554613582e-19,2.2445981014837075e-19,-4.933656614252434e-19,5.604617806131788e-19,-1.4503318062408687e-19,-4.8224527100151914e-21,2.901289947896958e-19,-6.028629341376313e-20,4.39727963531368e-20,-2.3924870619609e-19,-1.0471610923724105e-19,-4.611137973648532e-19,-4.9136064385224805e-20,-2.160962767987256e-19,-2.555743532086681e-19,-1.8671413063390134e-19,-4.1147506366858935e-20,-4.21335755761853e-19,-1.03178059114264e-18,-2.1907539362990432e-20,2.757857634605677e-18,2.2421655831390516e-19,0.0005475401391142436,-0.0,0.0,0.0,-0.0,-0.0,-0.0,-0.0,0.0,-0.0,-0.0,-0.0,-0.0,-0.0,0.0,-0.0,0.0,0.0,0.9999998500998868
1,-5.551115123125783e-17,-3.3306690738754696e-16,4.85722573273506e-17,2.7755575615628914e-17,2.7755575615628914e-17,-1.5265566588595902e-16,1.0408340855860843e-16,1.6653345369377348e-16,1.1102230246251565e-16,-5.551115123125783e-17,2.7755575615628914e-17,-5.898059818321144e-17,-5.551115123125783e-17,1.3877787807814457e-16,1.1796119636642288e-16,-1.0755285551056204e-16,2.7755575615628914e-17,-1.214306433183765e-16,1.1796119636642288e-16,-1.3183898417423734e-16,6.938893903907228e-18,-8.673617379884035e-18,4.683753385137379e-17,4.85722573273506e-17,-6.331740687315346e-17,4.466912950640278e-17,1.214306433183765e-17,2.42861286636753e-17,-6.938893903907228e-17,1.8192912454306764e-16,9.194034422677078e-17,-2.0469737016526324e-16,2.47198095326695e-16,1.3032110113275763e-16,-1.1882855810441129e-16,-2.0816681711721685e-16,-5.482268285172953e-16,-5.149960319306146e-16,5.460719766994804e-16,-0.9473553100720347,0.014952758544634178,-0.14582132298391978,0.013257565027237555,-0.06579830958621073,0.07735100553439156,-0.09378257461316451,-0.19699271646483177,0.11254107186848751,-0.08506788572056258,-0.05066263550653986,0.02172103220395729,1.5845132685662393e-16,2.2058051915320386e-17,1.6366482330892265e-16,-5.917732625448551e-17,0.0,0.0,0.0005187151360229172
2,2.220446049250313e-16,-5.551115123125783e-17,-1.734723475976807e-18,-0.0,0.0,5.551115123125783e-17,2.0816681711721685e-17,-2.7755575615628914e-16,5.551115123125783e-17,-5.551115123125783e-17,1.3877787807814457e-17,-9.367506770274758e-17,5.551115123125783e-17,1.1102230246251565e-16,-2.7755575615628914e-17,2.7755575615628914e-17,-1.3877787807814457e-16,-1.3877787807814457e-17,-6.938893903907228e-17,8.326672684688674e-17,-2.7755575615628914e-17,1.5959455978986625e-16,-2.087089182034596e-16,2.7755575615628914e-17,-4.163336342344337e-17,8.239936510889834e-17,-1.1102230246251565e-16,-1.8214596497756474e-16,4.85722573273506e-17,1.0885389811754465e-16,5.377642775528102e-17,-1.1102230246251565e-16,1.2836953722228372e-16,2.903493417916181e-16,1.8561541192951836e-16,2.0816681711721685e-17,5.881729023098081e-16,1.6523241108679088e-16,-6.319001311788641e-16,0.29999645899239546,0.33030173212863123,-0.2621104949734956,-0.005041969632158219,-0.18632738104649962,0.2998130150912506,-0.32608467098931365,-0.5874040776099684,0.2676458624001059,-0.2616505411221365,-0.11381946653669846,0.05607892692942209,6.277023914267333e-17,1.1688007121799088e-16,3.278645872824159e-17,2.4986467902380332e-17,0.0,0.0,-0.0001642601275130884
3,1.1102230246251565e-16,-0.0,-2.7755575615628914e-17,-8.326672684688674e-17,-4.336808689942018e-17,1.3010426069826053e-16,1.6479873021779667e-17,2.7755575615628914e-17,-1.942890293094024e-16,-8.326672684688674e-17,-4.163336342344337e-17,1.0234868508263162e-16,-1.249000902703301e-16,5.551115123125783e-17,-6.938893903907228e-17,4.163336342344337e-17,1.6653345369377348e-16,-1.3183898417423734e-16,8.326672684688674e-17,-0.0,1.6653345369377348e-16,5.551115123125783e-17,4.7704895589362195e-17,-6.245004513516506e-17,1.3183898417423734e-16,1.8301332671555315e-16,1.1102230246251565e-16,6.591949208711867e-17,-7.632783294297951e-17,4.85722573273506e-17,-9.71445146547012e-17,-3.122502256758253e-17,4.5102810375396984e-17,1.7737547541862853e-16,5.898059818321144e-17,-8.326672684688674e-17,7.71138795180315e-18,5.022024462952857e-16,1.7138525841564611e-16,-0.10543240660928964,0.6811464990693565,0.5911473881950282,-0.25306093089511233,-0.014278051346113513,0.219355930613959,0.1478872550967032,0.0631153528459252,-0.11294544086159726,-0.08843733441306131,0.12721611200891106,-0.02217054080119234,7.932035469521594e-17,-4.665557704351233e-17,-1.967617842592436e-16,-5.707916225452174e-17,0.0,0.0,5.772848323550617e-05
4,0.35236274837802617,-0.0031218356598048946,-0.005967758550587857,0.010834830203778623,-0.008216254845581472,-0.02594275710829974,-0.0012628330109529101,0.038944580010576046,0.02636630213807034,-0.03500593014585472,-0.03495682818522434,0.003542244226421484,-0.03433335257504076,0.030262689640849882,-0.0396660970481784,0.006261522403893077,-0.013447246125913526,0.11885883627869126,0.02070263222086735,0.03817288321456558,-0.061725455434025966,-0.04606025298147161,-0.026360805617522028,0.026616625661791904,0.048446031046447596,0.007199802388272156,-0.03339961811711118,-0.01691443922801003,-0.0681173143975417,-0.04704065918081134,-0.1614505191853185,-0.029840288439861744,-0.018530771697565604,0.08221714364660813,0.2630249740132138,0.29827334533776234,-0.08189979984033817,-0.7789065259944569,0.16359259350636518,3.9534612350710313e-16,5.828670879282072e-16,-4.996003610813204e-16,-4.2327252813834093e-16,9.853229343548264e-16,3.5735303605122226e-16,-9.71445146547012e-17,8.326672684688674e-17,-8.049116928532385e-16,3.469446951953614e-17,5.551115123125783e-17,6.938893903907228e-17,5.488648079986402e-17,-2.1018156526847715e-17,1.1462139044461847e-17,1.5138152303533006e-17,0.0,0.0,2.227033008529854e-18
5,0.03380115023731384,0.10665316976837352,-0.029670234231836817,0.11835364230339263,0.5049758953898646,0.05299420003448976,-0.11622439956503505,0.04948929363881369,-0.04145843233961735,-0.036425519047625254,0.007094835256823029,0.06561825915959474,-0.05881620008783833,-0.017838753998886042,-0.34061611215960635,-0.27259665523761467,0.20731858508159126,0.03476227716191862,-0.25349654722553855,-0.07392623946624716,-0.0780184161256568,-0.07709688226415684,0.04278241386993665,-0.03840423708402857,-0.30264783503466997,-0.006228810949750377,0.12409289717660266,0.354376869881179,-0.16558406243637194,-0.2932911928282208,0.14310645204561884,-0.01939749032732495,0.02759933622044202,-0.004957843107027793,-0.010461308540008235,0.015529030363882687,-0.0023010359298889687,0.0024819874362574483,0.003371069669579587,-7.061083378296396e-17,4.90059381963448e-17,8.326672684688674e-17,-1.496198998029996e-17,-8.673617379884035e-18,2.7755575615628914e-17,-1.5612511283791264e-17,-1.249000902703301e-16,1.0408340855860843e-17,-2.0816681711721685e-17,2.2551405187698492e-17,4.7704895589362195e-18,5.346479019936732e-17,-4.881580468305518e-17,1.440441277875601e-18,-9.434205921645622e-18,0.0,0.0,2.879045762555625e-19
6,-4.336808689942018e-19,-1.734723475976807e-18,-1.1102230246251565e-16,-1.1102230246251565e-16,-5.551115123125783e-17,-1.218643241873707e-16,-3.9898639947466563e-17,0.0,1.1102230246251565e-16,-4.163336342344337e-17,1.1102230246251565e-16,-1.734723475976807e-17,-5.551115123125783e-17,-5.551115123125783e-17,-8.326672684688674e-17,-3.469446951953614e-17,1.6653345369377348e-16,-7.632783294297951e-17,-9.8879238130678e-17,-1.1102230246251565e-16,-1.1102230246251565e-16,9.71445146547012e-17,1.9949319973733282e-17,-5.551115123125783e-17,4.163336342344337e-17,-6.938893903907228e-17,1.942890293094024e-16,2.3592239273284576e-16,1.1102230246251565e-16,-9.367506770274758e-17,-1.5265566588595902e-16,9.71445146547012e-17,-4.163336342344337e-17,-1.1796119636642288e-16,-1.3877787807814457e-16,-0.0,-9.497611030973019e-17,1.4224732503009818e-16,-8.556523545255601e-16,0.0014759828856566626,0.3975579592536438,-0.3889740944288096,-0.31024715060985414,-0.07613277837243308,-0.6311766918177385,0.32741759853532326,-0.06080036096094639,-0.06966177030290681,0.0014169959151972738,-0.27212148689287796,-0.020181481646320342,2.9164340920162136e-16,-5.8845270614161815e-18,1.9325834462522314e-16,2.933637953008342e-17,0.0,0.0,-8.08159995685929e-07
7,-0.0,8.673617379884035e-19,-3.3306690738754696e-16,2.7755575615628914e-17,-2.7755575615628914e-17,2.7755575615628914e-17,4.163336342344337e-17,6.938893903907228e-17,-2.7755575615628914e-17,1.1102230246251565e-16,2.7755575615628914e-17,3.642919299551295e-17,2.0816681711721685e-17,4.163336342344337e-17,-2.7755575615628914e-17,-4.163336342344337e-17,1.1102230246251565e-16,-3.469446951953614e-17,-1.5265566588595902e-16,-5.551115123125783e-17,-1.5612511283791264e-17,1.734723475976807e-17,1.2533377113932431e-16,-3.0531133177191805e-16,-1.3877787807814457e-17,-3.469446951953614e-18,1.249000902703301e-16,2.498001805406602e-16,3.3306690738754696e-16,-2.2898349882893854e-16,2.7755575615628914e-17,1.3877787807814457e-16,9.71445146547012e-17,4.5102810375396984e-17,-2.7755575615628914e-17,2.220446049250313e-16,1.1861171766991419e-16,-1.3877787807814457e-17,6.561591547882273e-16,0.03280375676986868,-0.2966941664715622,-0.02284468719660977,-0.2804727146119319,0.23492934019514897,0.2512130474965891,0.683978470820808,-0.1835646643840218,0.27703757971934,-0.3593933668103225,0.058147031898764294,0.05092000343219104,-2.3778670302445683e-16,2.406706164951985e-16,1.5664807178037428e-16,-2.941302169160014e-18,0.0,0.0,-1.796137623765606e-05
8,-0.0,2.168404344971009e-19,1.1102230246251565e-16,-0.0,1.1102230246251565e-16,6.938893903907228e-18,-2.6020852139652106e-18,1.1102230246251565e-16,-2.7755575615628914e-17,-1.6653345369377348e-16,-1.6653345369377348e-16,1.0061396160665481e-16,-2.7755575615628914e-17,-2.7755575615628914e-17,1.249000902703301e-16,-7.19910242530375e-17,-1.1102230246251565e-16,9.71445146547012e-17,-1.5265566588595902e-16,-2.498001805406602e-16,2.7755575615628914e-17,8.673617379884035e-17,-7.741203511546502e-17,-3.8163916471489756e-17,-7.632783294297951e-17,-2.0816681711721685e-17,-0.0,1.3877787807814457e-17,1.1102230246251565e-16,2.393918396847994e-16,-2.0816681711721685e-16,-1.3877787807814457e-16,-9.71445146547012e-17,1.6653345369377348e-16,2.7755575615628914e-17,1.1102230246251565e-16,1.0642528525117712e-15,1.609823385706477e-15,8.187894806610529e-16,-0.00765998868876607,-0.045032939553542754,-0.37105051653632526,-0.33183563222004286,0.13518706816716639,0.25943598083500957,-0.10450939317174912,-0.05794600087670104,-0.7480275528086096,-0.10926164098898208,0.2800674763952316,0.018339715403775127,-2.4089935921758147e-16,7.752998901239768e-17,-2.3401130181884086e-17,6.598194788585721e-17,0.0,0.0,4.194151900964357e-06
9,0.3524131916499232,-0.009020161901247742,-0.005495303075082003,0.006652931877798751,0.00123359976703772,-0.020359184973627847,-0.0016425005042071117,-0.008835738936204679,-0.009531308010025552,0.007754708449962011,0.001107060954505145,-0.028884710131900956,-0.001712239747007606,0.01879271157400092,0.007793020962738914,0.012455585255071296,-0.023946016566290085,-0.038345967631235434,-0.005055837237334472,-0.039465248072902026,0.12476235529502139,-0.026494280937902848,0.08996277145059355,-0.057630011086758234,0.010901698896826078,0.040615715970393276,-0.05454246734020693,0.034718185956117406,-0.17001367342626572,-0.04859595192655157,-0.26474153573667875,0.04320467457383756,-0.12300056985842339,-0.06056101809235867,-0.21719295269206482,-0.14984379006109633,0.8027103003083665,-0.009650595858004249,-0.01598410705098552,-7.371745306599587e-16,-2.7755575615628914e-16,5.828670879282072e-16,5.48172618408671e-16,-4.3368086899420177e-16,-1.0547118733938987e-15,-1.8041124150158794e-16,-8.326672684688674e-17,6.38378239159465e-16,-7.632783294297951e-16,3.2612801348363973e-16,1.3877787807814457e-16,-1.7183287205321117e-16,1.670740252469198e-17,5.442289713356632e-17,7.238891552170052e-18,0.0,0.0,-1.1362094893333858e-20
10,-5.293955920339377e-23,-2.710505431213761e-20,-5.551115123125783e-17,1.1102230246251565e-16,-1.6653345369377348e-16,1.3877787807814457e-16,-4.163336342344337e-17,2.7755575615628914e-17,1.3877787807814457e-16,2.7755575615628914e-17,0.0,6.938893903907228e-17,-2.7755575615628914e-17,1.5959455978986625e-16,-2.957703526540456e-16,-4.85722573273506e-17,-5.551115123125783e-17,9.71445146547012e-17,1.3877787807814457e-16,-0.0,-2.220446049250313e-16,2.7755575615628914e-17,-8.673617379884035e-18,-0.0,-3.469446951953614e-17,-1.5612511283791264e-16,-7.632783294297951e-17,-9.367506770274758e-17,2.7755575615628914e-17,-4.119968255444917e-16,-1.249000902703301e-16,6.938893903907228e-17,-6.938893903907228e-18,1.5265566588595902e-16,0.0,3.885780586188048e-16,-2.747368305078268e-16,-4.649058915617843e-16,2.749536709423239e-16,0.010293061328827362,-0.33692381735780863,0.35520689350587875,-0.07139757604729484,-0.5689934441283793,-0.04288139822036036,0.06492724795994481,-0.21026010226479655,-0.36738563229090127,-0.22344060922964534,-0.4361459301093833,-0.07725574522384455,8.003769120417848e-17,-1.219690420941492e-16,5.955461208050406e-17,-2.8688568934807784e-17,0.0,0.0,-5.635865076714432e-06
11,0.34002409930966454,-0.012473503623953873,-0.008812873318182257,0.005725378169932738,0.006088249851074035,-0.013061733621454734,0.0008188333579346244,-0.03828911555390724,-0.030887407918375076,0.028013501209425973,0.025607805384395277,-0.04313304549894208,0.028099829897803935,0.006331334894653706,0.052995250572530656,0.009579942425279738,0.016245379309773544,-0.23310205546916773,-0.023141603871784905,-0.0869663130166539,0.1743450505175979,-0.0501892396794803,0.08255561594107719,-0.08415623897292943,0.02356558419829511,0.09491884573537238,-0.005103136499128719,0.06113481027045016,-0.23006588104932946,-0.03667845281265366,-0.33778377703492407,0.06397346171011234,-0.17025217769792966,-0.10055709880639005,-0.34909949279181346,-0.3033705727584057,-0.5704972153686322,0.0038876755855196538,0.02584146636455146,5.725807807666184e-16,1.3877787807814457e-16,-4.996003610813204e-16,-2.636779683484747e-16,7.37257477290143e-18,8.326672684688674e-16,9.71445146547012e-17,8.326672684688674e-17,-4.818194454525582e-16,3.3306690738754696e-16,-3.642919299551295e-16,-1.0061396160665481e-16,9.982439388340738e-17,2.7606376934518365e-17,-6.403075496644017e-17,2.40952890209764e-17,0.0,0.0,-1.001290551548814e-18
12,0.3027794507073746,0.0024975186455001535,-0.02819789256992126,0.0003755346960141459,-0.007757936429550805,-0.007195245520156268,-0.020617790648017595,-0.05411636139937978,-0.039285681255611105,0.034622012800895885,0.0647039366041736,-0.029927142601806855,0.046241638264484075,-0.10138429207985139,0.09529254769387596,-0.010846540196523563,-0.10338124632927578,-0.26129576580148806,-0.10389889909841193,-0.22381064476465903,0.5146798790948752,-0.06936779203744782,0.30253672038489976,-0.1905032621041653,-0.07709756086658397,0.006349674062196987,-0.015463352424814197,-0.033475544138522585,0.2049437774468515,0.05993055800732399,0.43900694503774906,-0.0007142381345228502,0.23413392659614832,0.04962558203068248,0.15584069781399115,0.09917770915836799,0.0018878763989839875,-0.01297316372774332,0.00035162372828925325,1.300470229505192e-16,-1.3877787807814457e-17,-5.551115123125783e-17,5.551115123125783e-17,-7.979727989493313e-17,-1.942890293094024e-16,-1.1102230246251565e-16,-1.1102230246251565e-16,-1.1102230246251565e-16,4.163336342344337e-17,-1.1102230246251565e-16,1.734723475976807e-17,5.0643926207682146e-17,-7.410689671615832e-18,5.4229810439881036e-17,-4.9172063322010435e-18,0.0,0.0,3.546495476349707e-19
13,-0.0,-0.0,-0.0,1.3877787807814457e-17,2.7755575615628914e-17,-1.1102230246251565e-16,2.7755575615628914e-17,-4.163336342344337e-17,8.326672684688674e-17,-1.1102230246251565e-16,6.938893903907228e-17,4.85722573273506e-17,-0.0,2.220446049250313e-16,-4.163336342344337e-17,-2.0816681711721685e-17,5.551115123125783e-17,6.245004513516506e-17,-1.3183898417423734e-16,2.7755575615628914e-17,8.326672684688674e-17,6.938893903907228e-17,-6.440160904563896e-17,-1.491862189340054e-16,-3.642919299551295e-17,-5.551115123125783e-17,-0.0,5.551115123125783e-17,-5.551115123125783e-17,8.326672684688674e-17,-1.1102230246251565e-16,-1.8041124150158794e-16,2.0122792321330962e-16,1.7780915628762273e-17,1.3877787807814457e-17,3.3306690738754696e-16,9.280770596475918e-17,-3.3306690738754696e-16,-4.2327252813834093e-16,0.010606347986476342,-0.06659651289015688,-0.18746720533839625,-0.4797584659564653,-0.4704706387436352,0.1448310140002464,-0.18242345729862594,0.5735813187454447,0.30962336846717714,-0.1481358490587924,0.08371822028767033,0.02698479344092025,8.583249164441127e-17,7.422523993091114e-17,-2.301370804412401e-16,-2.3688707972073465e-18,0.0,0.0,-5.80740212253958e-06
14,0.025701887654006866,0.30958289572808234,-0.18880829863847753,-0.13724318055161416,-0.14575441665299016,0.06156854100260656,-0.15519398942966045,-0.17618709541896055,0.2208681633387432,-0.020141221500062242,0.14717061653675778,-0.038817834316221926,-0.05583420305246482,-0.07556675532641083,0.010229778307988588,0.05591467804362726,0.05537133656351771,0.06658547054906219,-0.16531575044650054,-0.4073696293976516,0.0704018536739659,0.06898407676099774,-0.2591280852264076,0.2784930986411016,-0.10854037100396634,0.04001399433793947,-0.05869790536410822,-0.19853696107785093,-0.09177232345766864,-0.08978199147835303,0.013460223038278929,-0.49417081186909756,-0.024110419876841357,-0.09116814387341113,-0.05442034675656178,0.012164464862503749,0.0050157196469500735,0.0040134541111898625,0.009002658236174707,-1.8025482814387225e-16,-1.5265566588595902e-16,-4.163336342344337e-17,2.7755575615628914e-17,9.71445146547012e-17,5.551115123125783e-17,2.7755575615628914e-16,-8.326672684688674e-17,9.71445146547012e-17,-0.0,-9.71445146547012e-17,2.42861286636753e-17,-3.361670138130197e-17,-6.72517873039654e-17,6.054159863925056e-17,-4.5393990627676043e-17,0.0,0.0,-2.309580954921644e-19
15,-2.0194839173657902e-28,-1.9852334701272664e-23,-0.0,3.469446951953614e-18,1.3877787807814457e-17,5.551115123125783e-17,1.734723475976807e-16,5.551115123125783e-17,-2.7755575615628914e-16,-5.551115123125783e-17,-5.551115123125783e-17,-6.938893903907228e-17,8.326672684688674e-17,4.85722573273506e-17,6.938893903907228e-18,5.551115123125783e-17,-2.7755575615628914e-17,-4.163336342344337e-17,1.6653345369377348e-16,5.551115123125783e-17,-5.551115123125783e-17,-3.3306690738754696e-16,-5.724587470723463e-17,2.220446049250313e-16,-6.938893903907228e-17,1.1796119636642288e-16,-2.7755575615628914e-17,3.122502256758253e-17,-6.938893903907228e-17,4.718447854656915e-16,2.220446049250313e-16,5.551115123125783e-17,-2.7755575615628914e-17,1.0408340855860843e-17,-2.0816681711721685e-16,-1.3877787807814457e-16,-3.3263322651855276e-16,3.0531133177191805e-16,-1.1206313654810174e-15,-0.005319841963152183,-0.1424611160858464,0.24378977913284547,-0.4149397973194844,0.5462201560354575,-0.2167886080321684,-0.4717106613231411,0.006478300751998462,0.07725257655779041,-0.259017485475534,-0.32589823488372793,0.02989455103715405,2.7320505971113877e-16,8.077778795555267e-17,-3.596150206281295e-16,-2.7848511064064162e-18,0.0,0.0,2.9128274452033237e-06
16,-0.007534142471536044,0.14072656986380325,0.025298168003154462,0.4650630718957434,-0.020323964865265103,-0.06764286870142461,0.18472100937638597,-0.08574913092396161,-0.024449657627831856,0.04840773034333998,0.1507998377416882,0.18718517746971813,-0.26182909657830544,0.09191398716369359,0.05509552930350431,-0.07098573425467668,0.032450189455984046,-0.04237662395235467,-0.05684806390084371,0.285858209496277,0.20481368498696384,-0.12107156587183973,0.06856108094534405,0.35296845210135797,0.093158398390128,-0.03770000538890954,-0.06102107361389164,0.20847886834802232,-0.1391910463529145,0.38141459516712095,0.079959068508697,-0.237527444589851,-0.1093255103221995,0.008604514435715721,0.014224372766381943,-0.005431438525500182,0.004166662804470332,0.0014172758870824864,0.006106860203069024,1.5254456231823568e-16,-1.942890293094024e-16,-5.204170427930421e-18,-4.85722573273506e-17,-1.6653345369377348e-16,-5.117434254131581e-17,1.1102230246251565e-16,-8.326672684688674e-17,1.942890293094024e-16,-9.71445146547012e-17,-5.551115123125783e-17,-1.3877787807814457e-17,1.081100740219357e-16,3.8024512888616906e-17,5.1871476617857523e-17,1.8720804012411254e-17,0.0,0.0,-1.0075240186781532e-19
17,-0.010486745183395828,0.3218242925581878,-0.20012625163342554,-0.1908239681239538,-0.0025608915957197054,-0.09627135068789369,0.06326760770967521,-0.038655905589672995,0.12604519342216516,0.02095727661671033,-0.0010319143700041333,-0.17543104640472976,0.005613764614028245,0.30115252838598094,-0.07896889360115344,-0.03415077428644245,-0.15008774063179298,-0.12018273996490456,0.21966910274664897,0.2895242711764566,-0.11958783090452005,0.05536979806276407,0.1605808899188363,-0.3589214124515028,0.2587916566270889,0.1121025809890867,0.1010127172727321,0.08857917319295175,-0.22750734419435556,-0.10388964296587858,0.2144729940492902,-0.32654797360618437,0.03647116986665733,-0.05816319254380396,-0.028357766270601936,0.019485661569136642,0.002105092968498993,0.002855527168019456,0.011887879302025239,1.9278950553265684e-16,1.942890293094024e-16,-8.825405684032006e-17,9.71445146547012e-17,-1.942890293094024e-16,-0.0,-1.1102230246251565e-16,-7.979727989493313e-17,-2.220446049250313e-16,6.591949208711867e-17,6.938893903907228e-17,2.0816681711721685e-17,3.367301998391087e-17,-4.8875698170863427e-17,1.1118009666852206e-16,-2.7031008317442974e-17,0.0,0.0,1.8892282437982571e-19
18,-0.0,-1.2924697071141057e-26,-5.082197683525802e-21,1.0842021724855044e-19,1.734723475976807e-18,8.326672684688674e-17,1.1102230246251565e-16,0.0,-0.0,-1.3877787807814457e-17,-2.7755575615628914e-17,2.7755575615628914e-17,-5.551115123125783e-17,-5.551115123125783e-17,-2.7755575615628914e-17,6.808789643208968e-17,5.551115123125783e-17,-1.457167719820518e-16,-0.0,5.551115123125783e-17,1.1102230246251565e-16,2.220446049250313e-16,3.382710778154774e-17,-2.7755575615628914e-17,1.0408340855860843e-16,1.9081958235744878e-17,4.163336342344337e-17,9.020562075079397e-17,-1.3877787807814457e-16,1.6046192152785466e-17,-2.255140518769849e-16,2.220446049250313e-16,1.6653345369377348e-16,3.95516952522712e-16,-2.7755575615628914e-16,2.0816681711721685e-16,1.0538445116559103e-15,-2.498001805406602e-16,-4.649058915617843e-16,0.0027562786189624625,-0.11983383792958185,0.05903057086802517,-0.45903361486817823,-0.024771751831758844,0.195496135719838,0.013599585974069975,-0.27396202727539626,0.10078072334592968,0.7944256401431998,-0.1251546341389136,-0.020754085809529036,-1.0728327358504084e-16,-1.1479604495614634e-16,1.903143109168481e-16,4.170969373612839e-17,0.0,0.0,-1.5091734046895998e-06
19,-0.007437632976190464,-0.0189165805155588,0.03335184263097258,0.0210296096531058,0.030514763280507562,-0.5737895936566055,-0.3015806893172637,-0.163129687451493,0.06882433757861203,0.03813720996202706,-0.1380879717689022,0.1285823284304685,0.02308707313732178,-0.049404345638502906,0.06494104775575973,0.007220643906204166,0.058995645522736964,-0.047251470879433904,0.021059867028261625,0.02223683030534769,-0.03636230072687137,0.06784645895768773,0.022465919290742167,-0.012064710843615545,-0.044026033718910944,-0.013615153863149997,-0.10319016515935435,0.03659895937909845,-0.0005524507480113017,0.028433081674972334,0.03114565929800517,0.09196399420097887,-0.09014398836043655,-0.6427341994399851,0.1983754728079113,0.049496735746996354,-0.0021173181854919274,0.014241554415242219,0.021226929241820697,-7.565930472255708e-17,1.1102230246251565e-16,1.1102230246251565e-16,-1.1102230246251565e-16,-1.1102230246251565e-16,-1.0408340855860843e-16,-1.1102230246251565e-16,-1.8041124150158794e-16,-4.85722573273506e-17,-2.7755575615628914e-16,-6.938893903907228e-18,6.591949208711867e-17,-1.6296244719149586e-17,-3.0951972750397756e-17,8.21036493205032e-17,-3.1599653663613644e-18,0.0,0.0,1.5344874693911027e-19
20,-0.002514024615785874,0.1018330087168058,0.10362594516834109,0.06225050082826532,0.047482778362264,0.11204318926998418,-0.28730231021524394,-0.04238307591405273,-0.38468433171605426,-0.3439982440651159,-0.027184493327643777,0.024974515182126417,-0.12816612441272024,0.04243495583594864,-0.22974375843799616,-0.2039143616467077,0.17107048821303542,-0.0577738856815704,0.5457370704429495,-0.12656857648688968,0.20205787666433983,0.2252888260047778,-0.09634617851348463,0.024726123465088054,0.14413095290670896,0.006588722880733089,-0.0437039227376915,-0.11856672758779242,-0.019860916228930547,0.08608272151660046,-0.011851170869468991,-0.010331450129300188,0.05268556512607031,-0.0048313211990587,0.001626242910149095,0.0016856431618077414,0.002024723508449216,-0.0034183669944418127,-0.002743883614299232,8.86174464150665e-17,2.7755575615628914e-17,-1.942890293094024e-16,-2.7755575615628914e-16,-0.0,-1.6653345369377348e-16,-0.0,-2.42861286636753e-17,8.326672684688674e-17,-1.1102230246251565e-16,-2.7755575615628914e-17,8.673617379884035e-18,-2.004426406934135e-17,-8.817313707587144e-19,1.7428334959748377e-17,-7.81966163243932e-18,0.0,0.0,-2.8860422783274663e-19
21,-0.00756201322843288,0.20677102555466834,-0.1496668213790561,-0.05248623744735394,0.17469706973954402,-0.1968153169687339,0.18950403826349538,0.2834102548646873,-0.23465157398234948,0.1247313318221098,-0.19556759519373162,-0.1288553452411782,0.207775832581567,0.11185233840268952,-0.14476333679318568,0.14513962528324786,0.08312854937311843,-0.06158198517440627,0.06135122058963849,0.2150341828628869,0.20983215434820873,-0.09271783231150324,-0.14868346713098737,0.03240485855293329,-0.46045221264273156,-0.06125040389187459,0.025823005651426922,-0.34132423496256115,0.05017271653190153,0.16126127155264394,-0.10382828351290216,-0.11381095260908847,-0.03651857603196945,-0.010090256375882185,0.013649512492004509,-0.008228513308258203,-0.00033391173466459576,-0.00044422924360970617,-0.00017511428088030218,7.749466722831783e-17,-2.3592239273284576e-16,-5.551115123125783e-17,-5.551115123125783e-17,-1.6653345369377348e-16,-0.0,8.326672684688674e-17,2.7755575615628914e-17,-2.7755575615628914e-17,-2.7755575615628914e-17,2.7755575615628914e-17,3.903127820947816e-17,-5.0491123755805976e-17,1.923828808682521e-17,-4.68718921642067e-17,-2.1649405625156423e-18,0.0,0.0,-1.368516850740093e-19
22,-0.0,7.888609052210118e-31,-4.1359030627651384e-25,5.293955920339377e-23,-8.470329472543003e-22,-5.421010862427522e-20,4.336808689942018e-19,-5.421010862427522e-20,-0.0,1.734723475976807e-18,-5.551115123125783e-17,-1.0408340855860843e-16,-0.0,-0.0,-5.551115123125783e-17,-1.1102230246251565e-16,4.163336342344337e-17,-2.7755575615628914e-17,-4.163336342344337e-17,-2.7755575615628914e-17,1.1102230246251565e-16,5.551115123125783e-17,1.2414114874959026e-17,-5.551115123125783e-17,-2.7755575615628914e-16,-5.898059818321144e-17,-1.0408340855860843e-17,-4.85722573273506e-17,-0.0,-6.071532165918825e-17,-4.163336342344337e-17,2.498001805406602e-16,-8.326672684688674e-17,1.249000902703301e-16,-2.42861286636753e-16,1.1102230246251565e-16,-1.1483869410966463e-15,-7.771561172376096e-16,-4.649058915617843e-16,0.003531052931015235,-0.15911178868899517,0.21547514587993888,-0.1733427395146229,-0.19247034516067762,-0.4662951591535562,-0.12217593783472319,-0.3434355123104313,0.09436763918346536,-0.04727950647583298,0.6849638649147826,0.1747189374754347,-1.2407674759694778e-16,2.4772698335874953e-16,2.5002408817063e-17,-2.0102082046476113e-17,0.0,0.0,-1.933393502883717e-06
23,-0.006456353276277997,0.12213893444607042,0.03344537424467722,0.41260563307058057,-0.08104448802492499,-0.08390028698939825,0.21275968195159517,-0.08175996531321288,-0.0047808540675994575,0.1238906915244934,0.12109181661855925,0.12516329926950742,-0.412327756846227,0.1611625736327247,0.16823662949712037,0.04907454888457241,-0.06310822239141413,-0.024398499324177286,0.09904561506735077,-0.12231506444888579,-0.061424330797953314,0.10214800720466283,-0.19644509258969942,-0.30693209118392395,-0.21665515466907206,-0.06743369503558741,0.078524668125031,-0.2742693867184562,-0.0793240825284855,-0.32346038245782743,0.0012761326617423824,0.1816080215441973,0.14790129897419413,-0.01612108486045253,-0.014083206518100855,0.0152614226464107,-0.002735013738179178,-0.0008936389708120718,-0.0035176639344469476,-2.1827598362774648e-17,-1.1102230246251565e-16,-6.938893903907228e-17,1.1102230246251565e-16,2.220446049250313e-16,1.1102230246251565e-16,-1.3877787807814457e-17,8.326672684688674e-17,-1.249000902703301e-16,8.326672684688674e-17,9.71445146547012e-17,5.204170427930421e-18,-9.76285769403369e-17,-4.8940931435300646e-17,-5.58739773108165e-17,-2.577831642342098e-17,0.0,0.0,1.0361250389122978e-19
24,0.003163613055263332,0.10490716544111843,0.25701474639321975,-0.0653338337310439,-0.1091105570547391,0.039421591197708994,-0.14793917876485194,0.2398819364955515,0.1280525511174929,0.5041547196822441,0.1511858188301663,0.0396082702536098,-0.06475005074187767,-0.11892439828305706,-0.24773044487407314,-0.06947824739325836,0.11804693707535822,-0.17094857416050224,0.18226048236391687,0.011010534756612789,-0.08121311296468764,-0.10596443528080786,0.28092437690265937,0.21833109933849454,0.08852314814214987,-0.15260760164939013,-0.0610806277014167,-0.28174958388757415,-0.09532772880321001,-0.18725392645523706,0.13335357008183213,0.08990469116796362,-0.19839116257975323,0.03919125808823283,0.0113497399327665,0.006276111586941524,-0.001000785825774609,0.0007788462419621722,0.0033629232263163965,8.233250604795462e-17,1.249000902703301e-16,-1.6653345369377348e-16,-1.942890293094024e-16,-2.7755575615628914e-17,7.28583859910259e-17,1.249000902703301e-16,-0.0,1.1102230246251565e-16,-0.0,1.1102230246251565e-16,6.245004513516506e-17,-3.574576055082835e-17,2.4190793498121875e-17,-7.874392218041667e-17,2.2649546126989653e-17,0.0,0.0,-9.318088801442182e-20
25,-0.006353539839281198,0.14341520567135152,-0.14838012133578238,0.0793148942339436,0.10969678575329131,-0.19222036616122462,0.16811659903948056,0.2821570006954149,-0.338147495259346,0.1511548446413034,0.060049949322424856,-0.0016184563012257014,-0.010209745617656512,-0.1621454287077776,-0.018158894750608445,0.45202436259704715,0.24484048763254523,0.10964344346470731,-0.09993673835497124,-0.22817208656391155,-0.006074509876143941,0.17842170684081132,-0.020336342000038667,-0.005905566869157192,0.44329160447934,0.10225655758613161,-0.06700307077965306,0.16393394928881436,0.01918332385793728,-0.10339096383334048,0.07465427914082792,0.01827975188459513,0.022348334986247873,-0.0029453841838410835,-0.01145849807981919,0.009953326195780487,0.002403164465218951,-0.00016033202296869553,0.00023929327738620408,-4.663687341353216e-17,-5.551115123125783e-17,2.7755575615628914e-17,2.7755575615628914e-17,-5.551115123125783e-17,1.3877787807814457e-16,-2.220446049250313e-16,5.551115123125783e-17,7.632783294297951e-17,-9.71445146547012e-17,-1.3877787807814457e-16,-4.85722573273506e-17,6.463236110028953e-18,-2.666388075112031e-17,4.977777743744875e-17,-1.1420018657719301e-17,0.0,0.0,5.961719729548851e-20
26,-0.0022201170426212305,0.13604861795458403,0.17691183915448064,0.057948669876942284,-0.08217692237436172,0.1340725504577047,-0.34099118689140906,0.06858795197294078,-0.2678698234401405,-0.2622849345269708,-0.17171674891708466,-0.09426826701075208,0.009316482858506656,0.2768289763765234,0.27714874956332525,0.3116058006971379,-0.055106254971561026,-0.026928856063754336,-0.2321844246794888,0.0011147406794422277,-0.10823317714737148,-0.16414978345864983,0.06432713790114389,0.0061354099429402065,-0.04309647591708428,-0.22888842866442485,-0.029372372221507903,-0.052452995192171045,-0.22243551135994277,-0.07126462308988005,0.2546995529476068,0.045163492135951167,-0.295023503705433,0.06427623857610523,0.021390833170952805,-0.0023210610505589313,-0.0028723183343807627,0.00323487834146291,0.00904354350271711,6.682192445164722e-17,1.1102230246251565e-16,-2.7755575615628914e-17,0.0,-0.0,5.551115123125783e-17,-8.326672684688674e-17,-5.551115123125783e-17,-8.326672684688674e-17,-9.627715291671279e-17,6.938893903907228e-17,6.938893903907228e-18,1.5605878070727083e-17,2.2363247279616633e-17,-1.0048154371711271e-16,2.6396323546348048e-17,0.0,0.0,-1.6672116795791126e-19
27,0.1581910201344793,-0.022511318910182206,0.0038574523523489846,-0.009269780637973107,0.02169410819555931,0.05192834873303054,0.025688215011090004,-0.12622035874076332,-0.1496362859600414,0.21101216104316428,0.24424258377942124,-0.3165178393984879,0.18451160094251404,0.19451367588780621,0.40141299806115865,-0.2988605784751166,0.49278787214519526,0.25336795849099786,0.09700395671902554,0.006451612079763802,-0.08610832511076402,-0.2081964474585913,-0.07575709762058647,-0.016461927447584374,0.040029579369471845,0.025259961019680116,0.02954150738223038,-0.02860434133135109,0.057932486725303545,0.027103951403477784,0.09001256497962998,0.02466931352060925,0.028438864471419828,-0.10577688108422721,0.009354502988144775,0.03195792714348125,0.0014213757949729554,0.04020216977958712,-0.02845041699017358,-1.731641755668059e-16,-1.3877787807814457e-17,8.326672684688674e-17,-8.326672684688674e-17,-3.3306690738754696e-16,-1.1102230246251565e-16,-1.1102230246251565e-16,-8.326672684688674e-17,2.7755575615628914e-17,-2.7755575615628914e-17,5.551115123125783e-17,-5.204170427930421e-18,-2.6266811868571635e-17,-1.042590751880255e-17,1.938098750098137e-17,-1.1907245971988249e-17,0.0,0.0,-9.960349758736104e-20
28,0.06681415503500365,0.23073438048438955,0.37390182923446885,-0.1287867208553366,-0.09723566622935943,-0.009427530827343777,-0.05758531574506636,0.15753625440185706,0.06235931892296354,0.1705431116608978,0.07549652194186726,0.030279735486720694,-0.08308877372734308,-0.06094324609790059,-0.009556492475592843,-0.032364730229712035,-0.08131764081351349,0.20658444291356737,0.024244915439953663,-0.11436694523733529,0.036142508788675816,0.13902234243093775,-0.24134446488210462,-0.323304527174173,-0.1855663461672381,0.28566116018829274,0.0786565472417182,0.23706681687706954,0.03475062893267475,0.3513819408273932,0.10252117867018443,0.04083202854934381,-0.34096009938134075,0.09301857755515364,0.08297717977992197,-0.05807494646260357,-0.004933216164365536,0.0018834141257928066,0.007032091354631563,-9.349275852869726e-17,-5.551115123125783e-17,0.0,-2.7755575615628914e-17,-1.5959455978986625e-16,-2.0816681711721685e-17,5.551115123125783e-17,5.551115123125783e-17,1.942890293094024e-16,9.71445146547012e-17,-0.0,-6.938893903907228e-17,-6.855041452159444e-18,5.3835927502178005e-17,-4.224839704670873e-17,1.8317134498174883e-17,0.0,0.0,2.186199196785116e-19
29,0.006501249679583982,0.024961310968022492,-0.03856335069433331,-0.02226682804658996,-0.035209798564793546,0.5796261096003207,0.3034105638071196,0.1733501945210851,-0.04729263209719551,-0.06191123718334887,0.08090723440494779,-0.05914265610266122,-0.04011605950271293,0.0029794179904689827,-0.09405460098661482,0.03667764834362432,-0.09311179434212624,-0.023883890974884414,-0.0223712546308166,-0.008757362357611598,0.02265982199943084,0.019743023350402344,0.014393783238249535,-0.010107960970916777,-0.017851184859962316,-0.00830505111933752,-0.05894143452552085,0.02123540461658284,-0.024847643473642947,0.01805091283613791,0.0075330310833779945,0.07869511060204973,-0.09304652940879501,-0.6549022122056295,0.21815023389332902,0.04244262456332704,-0.0034048762820799282,0.01447350678091439,0.020298884829158915,2.7059224621724858e-18,2.0816681711721685e-16,2.7755575615628914e-17,-2.220446049250313e-16,5.551115123125783e-17,-5.551115123125783e-17,-1.942890293094024e-16,-1.5265566588595902e-16,-2.42861286636753e-17,1.1102230246251565e-16,-6.245004513516506e-17,9.020562075079397e-17,-2.490884801514199e-17,-3.313631843691611e-17,8.624315287290123e-17,-5.563621865386373e-18,0.0,0.0,1.0965589586641485e-19
30,-0.0005298749351662039,0.039051471105781325,0.04566013735720952,0.12038313230471348,0.5348713185110342,0.10808305144612362,-0.12578952381858352,0.03507393206078176,0.27430085369868945,-0.021927373542465968,0.08237896394650542,-0.021230516464873343,0.011840607843970358,-0.03110990255030951,0.07084896307545731,0.0036757481283681177,0.034923271853270314,0.019412062419828527,-0.21284814996800133,-0.02300238411045511,-0.07649993774728857,0.17769434877480295,0.05649978684341538,-0.2211343722309578,0.24703433386122015,-0.11142594581577783,-0.0271235650052854,-0.43324382779632287,-0.11169297645451484,0.3970687592634511,-0.0759081343011263,0.023614481654785552,0.047744343566746006,0.0023043263729963237,0.013182364426290713,-0.015035699258436907,0.0012170702432847333,2.9270764928470902e-05,0.001716115976268381,-4.763378449904774e-18,-5.551115123125783e-17,0.0,1.8041124150158794e-16,-9.71445146547012e-17,-1.3877787807814457e-16,8.326672684688674e-17,-2.7755575615628914e-17,0.0,-4.85722573273506e-17,1.3877787807814457e-17,2.3201926491189795e-17,-2.6161355703324907e-17,6.111942458780402e-17,4.361530912121907e-18,1.5447904512278442e-17,0.0,0.0,1.234342333231826e-19
31,-0.005200906020123277,0.08305795453436952,0.08997241371380224,0.4071527633998282,-0.1308563795418814,-0.022441492741640433,0.15421650391514846,-0.15923139424209054,0.1523842796898638,-0.016735738023117872,-0.16753673090805224,-0.2370242742809918,0.29732647416640245,-0.030080938003959952,-0.25388164503847993,0.04077479021367315,0.05735954928675345,-0.005612357379986301,0.13074487630451792,-0.3069464683063666,-0.12631063743937437,-0.07288026763787912,0.07601496871644146,-0.2099755100477786,0.03165721254918352,-0.414366606793383,-0.007686401002709467,0.14710874201709054,0.2025194310960179,0.07510506272386182,-0.08335079296642026,-0.1630187153222917,-0.16858566815750464,0.01332741481677474,0.01189181932795088,-0.010761701564218455,-0.004791558270608981,0.002314335741853599,0.005967787333692444,3.913245908427829e-17,2.220446049250313e-16,2.7755575615628914e-17,0.0,-1.3877787807814457e-16,-5.551115123125783e-17,-8.326672684688674e-17,-0.0,1.1102230246251565e-16,-0.0,2.7755575615628914e-17,3.2959746043559335e-17,9.706712616443724e-17,2.7947400377112604e-17,-5.596762206002125e-17,3.1973529767448684e-17,0.0,0.0,5.62510231210689e-20
32,0.0957266996460083,-0.01198069388071994,0.09186171869989145,-0.06511457610015745,0.15070616743998275,0.06263503828512049,0.034466817735675406,-0.4100007543578651,-0.33466210030918214,0.27336728196052473,0.18091124888274412,-0.1428618783560408,0.12838595737171382,-0.017050970052084034,0.02388914704135091,0.05065883690570745,-0.23402210011644184,-0.12035269907851959,-0.05747136018290447,0.11812374110461603,-0.13920735284117655,0.5602369543865083,0.051469253481674075,0.15386997057490273,-0.15022837447462212,-0.1546898030550264,-0.034845413139108466,0.0771984623759562,0.010167309610350804,-0.029647224816641005,-0.03383348465672373,-0.045960788811535924,-0.07724467565040974,0.07043265838418644,0.0814017258274439,0.027308765793675954,-0.0018671513668694906,-0.003961733472033607,0.0026292172647668643,-3.363128604773425e-16,-0.0,1.6653345369377348e-16,-9.71445146547012e-17,-0.0,-1.0408340855860843e-16,1.3183898417423734e-16,1.6653345369377348e-16,-5.551115123125783e-17,9.71445146547012e-17,-4.85722573273506e-17,-2.6020852139652106e-17,4.2797849940711377e-17,1.1095045813490316e-17,-4.466531550946686e-17,1.5371032782904622e-17,0.0,0.0,1.1543943989130627e-18
33,0.000978549685323617,0.03939888323147078,0.029367606856772085,-0.10169590028068262,0.1208236957901365,0.12360334648458134,-0.03126129653683394,-0.4911556011403824,-0.27064494936678785,0.25881035727526625,-0.12417398464482772,0.15310304799278474,-0.06676062774986767,-0.1395962200706807,-0.24417442785237797,0.14873477597233029,-0.16216600217490887,0.10441437680359617,-0.015844132947003774,0.02121387816722549,-0.026731988185006526,-0.5140390549733449,-0.2081619689924018,-0.1460015885072457,0.17470848437634628,0.056799863719855626,-0.012152200912712505,-0.11561470242977291,-0.02081934365367228,0.08151138535059207,0.03798693481306047,0.01823346613040187,0.04391442564286191,-0.04957266943262377,-0.04842532513792046,0.00281089375950396,0.004190846374438041,-0.00033811344468819417,-0.0018500783432481883,-2.7755575615628914e-16,-0.0,6.938893903907228e-17,1.0408340855860843e-16,-5.551115123125783e-17,5.551115123125783e-17,-5.551115123125783e-17,-1.1796119636642288e-16,0.0,-0.0,5.551115123125783e-17,-6.938893903907228e-18,-4.192045362051062e-17,-1.1651386347721339e-17,2.251887069414928e-17,-1.5801979122169587e-17,0.0,0.0,8.944667923005412e-19
34,-0.010872234507059732,0.33391503340533346,-0.19107847064214165,0.06577336566631332,-0.005932223418070261,-0.04140190569222862,-0.1247358977402596,0.030360447002008645,-0.20836856703239995,-0.149882866002009,0.23716421208011268,-0.017709032137089232,-0.15127301969085685,-0.1186622983936548,0.05531696627111381,-0.05951840769507008,-0.14067991953931028,-0.0282089352705646,-0.012880703902883043,-0.05069647117985491,-0.37437360364815236,-0.18047938497156304,0.4078610208838272,-0.007918399528583694,-0.1293544442794679,0.2205903896028284,0.0038234246750526446,-0.07602394814385305,0.4038727185112971,0.10179874118537613,-0.2296983978314599,0.012532562413689413,-0.0511333149794783,-0.005509858629780238,-0.003996660336496591,-0.024339509160299547,-0.0001239084213143088,-0.0008207670189389156,-0.0024320261150350547,-1.3877787807814457e-16,1.3877787807814457e-16,1.3877787807814457e-16,8.326672684688674e-17,-1.5265566588595902e-16,-1.3877787807814457e-16,-8.326672684688674e-17,5.551115123125783e-17,5.551115123125783e-17,1.1102230246251565e-16,-1.6653345369377348e-16,-2.7755575615628914e-17,-1.9034264922145697e-17,5.811520252596636e-17,1.2112394723094034e-17,2.377014379787804e-17,0.0,0.0,7.182839392716467e-19
35,0.32155540429632895,-0.007791333768961906,-0.012551093933877443,0.010255240925426163,-0.009321842766780717,-0.02499881596874771,-0.0011506935400055842,0.03781476780283176,0.03490146384198251,-0.05637390706488068,-0.049416378005640554,0.03373696906745301,-0.036852364931368196,0.008537346578618418,-0.06140345246474713,0.04752276366200541,-0.023943922022648813,-0.13384738150081324,-0.010655078879407276,0.023968528441590538,-0.16611422548845067,0.05423047597186394,-0.18051948877347662,0.22910514862894196,0.12854696937202886,-0.07723437904712088,0.754302953851953,-0.06201217005473664,0.21569449995570056,0.09922586917606872,0.192419418237322,0.07165394610258363,-0.02666308652046938,-0.1275179766356338,-0.17999416722698408,0.008667974199515123,0.025068007360183053,0.0005627144521986949,-0.0009429002919304069,-0.0,-2.7755575615628914e-17,1.6653345369377348e-16,4.163336342344337e-17,-5.551115123125783e-17,2.220446049250313e-16,5.551115123125783e-17,9.020562075079397e-17,-2.7755575615628914e-17,1.3877787807814457e-17,1.1102230246251565e-16,-4.163336342344337e-17,-8.557473160227601e-17,-7.759096612477362e-18,1.2072337069026857e-17,-1.6629673780852065e-17,0.0,0.0,3.2526065174565133e-19
36,0.0023238500039805257,0.23725583300331926,0.4050857352609511,-0.08926003790550517,-0.11831499886731822,0.05059254418846147,-0.17520825457279207,0.1597510575234893,-0.0499049009771813,0.0811277975880721,0.07157210386742145,0.026251208208448524,0.017307566736150058,-0.007784408261317099,0.06225200530281812,0.09673444302960901,0.027599801268392156,-0.07016107279090927,-0.09843105273171711,0.10825513086129666,-0.007684755170805428,-0.0525369111515115,-0.03725690126805162,-0.055131967961206174,-0.00820321363351223,-0.24981439799894634,0.05859853013964432,0.21336340278818347,0.016327268536129893,0.05547228074066088,-0.29598931952160484,-0.14870947547859945,0.6219206724734039,-0.1300490996683747,-0.0772905111607192,0.042061175844761566,0.004378716487917045,-0.0022987660285591766,-0.009191738860236075,2.7755575615628914e-17,2.7755575615628914e-17,5.551115123125783e-17,7.632783294297951e-17,1.214306433183765e-16,2.7755575615628914e-17,2.636779683484747e-16,-8.326672684688674e-17,-5.551115123125783e-17,-8.326672684688674e-17,-5.551115123125783e-17,4.85722573273506e-17,1.1581443823314883e-16,-5.683712340052333e-17,1.349727489940418e-16,-2.846495836063876e-17,0.0,0.0,1.7618285302889447e-19
37,-0.004637905775507802,0.29416393218725134,0.21553963755641847,0.05395207909084036,0.19597871204738412,0.08061557549237809,0.036073775079385216,-0.021762589997839286,0.10608757101328807,0.09802518870657677,-0.345471582416293,0.02032518864639214,0.03039168933501426,0.3040890280247996,0.10144037745789909,-0.18198416624998165,-0.09399491559061536,-0.0804655536534622,-0.13924443571530362,0.025621799501923746,0.1631643792838553,0.05255634610387505,-0.11337283719379812,0.16338679187512253,0.24892648559170447,0.18896183622731652,-0.16461056988656558,-0.008709242990673188,0.46137517315791465,-0.27915140604135513,-0.09459042980771912,0.04698289212129603,-0.08866009476470439,-0.008030766690528157,-0.028813075448135446,0.00030882796047301456,-4.487741906368525e-05,-0.0030471998901131655,-0.011087296268167297,-1.942890293094024e-16,-1.1102230246251565e-16,5.551115123125783e-17,-6.938893903907228e-17,1.8041124150158794e-16,2.0816681711721685e-17,-1.1102230246251565e-16,1.1102230246251565e-16,-4.163336342344337e-17,-6.938893903907228e-17,1.734723475976807e-17,-2.7755575615628914e-17,-8.12218719797269e-17,-2.984906812354974e-17,-1.0893464198901035e-17,-1.5803671437812627e-17,0.0,0.0,2.981555974335137e-19
38,0.0026430075186492214,0.009483098160010665,0.0017443963672966586,0.025240154129291245,-0.01036944780958588,0.007916452423656798,0.004220884318738874,-0.0006165458504919638,-0.012000685737327326,-0.03026894789643939,0.34891014915910573,0.6092882963437101,0.5228800333422028,0.41911721462080237,-0.0966714000576542,0.08429518749244677,-0.053108595143507124,0.07410456555631506,0.04570484370281206,-0.13498989807763717,-0.0027443253462572,-0.012464776518791867,0.052990016731918124,-0.009567672106796243,-0.0031579657313699494,0.055568099263682745,0.04268895627786949,-0.041357353131270425,0.002605532119013744,-0.013791063515718183,-0.016758573990632984,0.019272126959323805,-0.0031876971963659406,-0.003075733412154197,0.017816556260049476,-0.005064178821401521,-0.0012776456686736937,0.0005238503415947787,-0.00013594683173266675,-6.591949208711867e-17,1.3877787807814457e-16,5.551115123125783e-17,1.6653345369377348e-16,-5.551115123125783e-17,1.6653345369377348e-16,-5.551115123125783e-17,-5.551115123125783e-17,0.0,-0.0,-4.163336342344337e-17,-1.3877787807814457e-17,-1.7742200526345515e-17,4.1524058627515065e-18,3.0345095461267566e-18,-1.401212386931709e-19,0.0,0.0,3.049318610115481e-20
39,-0.0,-0.0,-1.8367099231598242e-40,-0.0,0.0,-0.0,-0.0,0.0,-0.0,-0.0,0.0,-3.1554436208840472e-30,-0.0,-0.0,-0.0,-0.0,0.0,-0.0,-5.169878828456423e-26,-3.308722450212111e-24,0.0,0.0,2.168404344971009e-19,-0.0,0.0,-0.0,1.734723475976807e-18,-0.0,-0.0,-1.1102230246251565e-16,2.7755575615628914e-17,0.0,0.0,-1.3877787807814457e-17,2.168404344971009e-19,-1.3552527156068805e-20,9.71445146547012e-17,5.0306980803327406e-17,-7.771561172376096e-16,2.53384239443691e-05,0.026158530157956442,0.020354126273442852,0.050253915358253076,-0.01934411681716075,0.04184330193993918,0.04399100312259918,0.07187774953034654,-0.07698652524500499,0.05540882596000568,-0.15538553349480022,0.9767331166207929,-1.4350354319224976e-15,1.3181051698535217e-15,2.49143367786511e-16,-6.172088726057634e-17,0.0,0.0,-1.387380625112215e-08
40,0.0020128251184326324,0.14649300058928463,0.2880506751520489,-0.2519106091564232,0.09657064775938261,-0.15776390412354327,0.3730167944934999,-0.13797159127777753,0.02062558510879122,-0.2765101706647785,0.06072061424517739,0.02673755665540837,-0.02405965922270518,-0.07628124062791207,0.031539267988704,-0.001939582906948462,0.09606244480175766,0.001985344633852537,0.013452564995104572,-0.051467150163847966,-0.026095591862953422,-0.06215985599020548,0.08820188784611924,0.07962718605030109,0.0010959897962274975,-0.06347410948853063,-0.007757713089243241,-0.06826361442682058,-0.053010071083858655,-0.03603892751186036,0.03782738989876726,0.07147619252982339,-0.012495228978748052,0.03403508262827398,-0.004029089771754116,0.006507708297798045,0.020658561499991762,0.1458625554202261,0.691250960634704,4.718447854656915e-16,3.0531133177191805e-16,1.1796119636642288e-16,-3.0531133177191805e-16,-1.3877787807814457e-16,-8.465450562766819e-16,-6.591949208711867e-16,-5.551115123125783e-17,5.551115123125783e-16,-5.551115123125783e-17,-6.38378239159465e-16,4.787836793695988e-16,1.2734530264877847e-16,-7.086024383096002e-17,8.883169389882547e-17,4.735963522523525e-17,0.0,0.0,-9.012430558785756e-19
41,-0.007753032009433487,0.29843899232593674,-0.2447904952206223,-0.05398500770823919,0.03352402179879228,-0.024186516479591517,0.08096518070217855,0.10626211773221912,-0.04160300801576143,0.14902015182502412,-0.25314926899598256,0.06002869410894017,0.12847089270560616,-0.03976472348432491,0.21556648822666266,-0.29808885609669084,-0.3098672954143432,0.021474139311331266,0.14597196446536517,-0.3233723235891993,-0.11600599886428256,-0.029470176132470993,-0.03246074940107466,0.20542117750034658,0.029440673758575623,-0.17157037153449195,-0.029406870074612207,0.12852990715862872,-0.30257072465822293,0.195307882414178,0.04329018678404125,0.3108978549625966,0.15980779845180312,0.043891262223804364,0.009703972167651839,0.004506120925024887,-6.254699237273967e-05,-0.0017333223033209567,-0.003731444425820102,1.1102230246251565e-16,1.3877787807814457e-17,0.0,9.71445146547012e-17,1.1102230246251565e-16,1.6653345369377348e-16,2.220446049250313e-16,2.7755575615628914e-17,5.551115123125783e-17,-0.0,2.7755575615628914e-17,-1.3877787807814457e-17,6.339021470213363e-17,3.0198821601952726e-17,-2.016364142804105e-17,2.1737691388532825e-17,0.0,0.0,1.8973538018496328e-19
42,0.0015541189795526507,0.14758344906234444,0.2854511277235111,-0.2521754207787398,0.09514140365946956,-0.1619514602602681,0.371704342730205,-0.13390429946084986,0.025431366441714662,-0.28252117124770226,0.056539286265642655,0.03578213498029153,-0.02920568623410164,-0.08525789918043039,0.022166486576973562,0.008012410152250815,0.08060644662429367,-0.007868614345902506,0.009160251585443048,-0.055333533498400915,-0.02543861266668546,-0.05462287165060106,0.09805566258179158,0.07059098784396169,-0.001691905780260159,-0.06901545268588294,-0.005678118095208556,-0.06370180260645857,-0.07625619929194136,-0.03466939105702389,0.042283718925929664,0.049655404806566814,-0.045939332109065534,-0.006798243066599749,0.008658107497642571,-0.004719904314687277,-0.021174030661393256,-0.14344779478599076,-0.6905127299913024,-4.935288289154016e-16,-2.7755575615628914e-16,-9.71445146547012e-17,3.885780586188048e-16,-0.0,6.106226635438361e-16,6.522560269672795e-16,1.1102230246251565e-16,-7.771561172376096e-16,3.3306690738754696e-16,5.204170427930421e-16,-4.718447854656915e-16,-1.3051381848097142e-16,9.172761882965503e-17,-1.377647531736606e-16,-2.907019159551543e-17,0.0,0.0,7.132017415881209e-19
43,-0.004268701057523577,0.3007962065044329,-0.17371675923691968,0.047447490053488146,-0.11843201895000535,0.018702435180610464,-0.07740273608628633,0.005976693534326957,-0.018950838877278286,-0.13898890592506957,0.1889392614194954,0.1342877241576528,0.2208023123234557,-0.4400079505887964,0.09659305696241603,-0.193410031498846,-0.02428011610188462,0.0887955370012492,-0.10060908711301876,0.3737690358836857,0.22479220490350849,0.027348709102353406,-0.1975931136340165,-0.17508571388213617,0.1359968089010669,-0.28568765957080533,0.051787831550895946,-0.03329375772430501,0.045146723822363205,-0.22690589152606372,-0.02928783081633826,0.12708827449788337,-0.1947190719488795,0.037326340580747214,0.02887886489559965,-0.016143588167582275,-0.005693105660183551,0.0035850146221037982,0.0016258563679554805,-8.326672684688674e-17,-0.0,0.0,-2.42861286636753e-16,1.3877787807814457e-16,1.6653345369377348e-16,2.7755575615628914e-17,-5.551115123125783e-17,1.1102230246251565e-16,-6.245004513516506e-17,1.3877787807814457e-16,6.938893903907228e-18,-3.3863306348260064e-17,-7.324968525787741e-18,-1.1296838081147243e-16,1.0309684392072398e-17,0.0,0.0,6.098637220230962e-19
44,-0.004109309285808815,0.22667056676771777,-0.24035257045352693,-0.14988854538659993,-0.07769389862677203,0.018572052457897684,-0.10622931329459641,-0.20857619906675315,0.24278189495301294,-0.02238716639189419,0.17946516140967422,-0.17530734671598097,-0.14898253720569177,0.28478816404939145,-0.261749574356887,0.24376652781752453,0.2110317222231532,-0.0534786462159037,-0.05018420829206121,0.06711853353699805,0.11532505074293871,0.020168094231548063,-0.06435945812180426,0.07314332043434939,-0.03536691639430266,-0.128139557712127,-0.097597867797767,0.15930727434880707,0.08977427028426449,0.14577738714291533,-0.041779372012658994,0.5283025358260179,0.050387507831971656,0.09106392813348216,0.04693978269573622,-0.002876193522495551,-0.0022142771203663703,-0.005349992067097705,-0.012272539242499776,-2.0816681711721685e-17,6.938893903907228e-17,-1.1102230246251565e-16,8.326672684688674e-17,8.326672684688674e-17,1.1102230246251565e-16,2.7755575615628914e-17,1.6653345369377348e-16,-5.551115123125783e-17,-5.551115123125783e-17,5.551115123125783e-17,-5.551115123125783e-17,2.5514848708551568e-17,5.545613921058391e-17,-9.25521152060119e-17,3.833619908336755e-17,0.0,0.0,6.352747104407253e-20
45,0.0015571035046623026,0.022211206131510185,0.035298058081876346,0.08823016961429822,0.41836121885946265,0.09176482738384079,-0.11065410278012863,0.014609557204749251,0.2594080659603744,-0.02353724776364112,0.1653157084628172,-0.0793025989748161,0.06822784176113632,-0.16041658747771612,0.26985562117982786,0.3850524091250793,-0.16725886235830353,0.009310837640071744,0.5197622640912342,0.041739424847294086,0.07557607957201831,-0.17321707015155305,-0.08047372226035002,0.1449036888176413,-0.11517556956702676,0.029414978154208953,0.012996076981877006,0.1968525007622163,0.05820955781799443,-0.14253446457733226,0.02273364028396714,-0.018579300526188947,-0.028396389644289827,-0.0016746944842185307,-0.001885679746045893,0.007223262989145141,-4.4465233524748626e-05,-0.0003954843809247507,-0.000495202265819044,-3.469446951953614e-17,-1.1102230246251565e-16,-3.122502256758253e-17,-3.8163916471489756e-17,-1.1102230246251565e-16,1.6653345369377348e-16,-5.551115123125783e-17,-4.163336342344337e-17,5.551115123125783e-17,-0.0,-5.551115123125783e-17,1.3877787807814457e-17,1.3264174246363428e-17,-2.5885132861788253e-17,-5.391119889261033e-18,-6.8167290132896606e-18,0.0,0.0,1.3552527156068805e-20
46,0.2808598735287376,0.004709754370671978,0.011673983247630167,0.00800605125370221,-0.010871107005469092,-0.03603577662311301,-0.011912069517580313,0.05888771721097419,0.03837343667841029,-0.03437634612717956,-0.05393651525997088,0.0007580976401042329,-0.08856973423509668,0.04631407846530285,-0.13997681663372802,0.030229092542605755,-0.18791607467307198,0.6640147013256835,0.04975451619415886,0.12222345216618065,0.029132575864357187,0.1268318272306238,0.1862928657965038,0.06412726234704072,-0.07082696665259934,-0.16593202161144338,-0.2183287370236808,-0.06973156936822872,0.1209908155828211,-0.018325684992043234,0.21024817926885436,0.008345289381247983,0.10574584303306388,-0.11296316313407645,-0.38073054221806746,-0.02177177729192782,-0.11518568289638492,0.05744886570536153,-0.01201493749858942,1.457167719820518e-16,-1.249000902703301e-16,-1.6653345369377348e-16,8.326672684688674e-17,1.6653345369377348e-16,3.3306690738754696e-16,1.1102230246251565e-16,1.1102230246251565e-16,-5.551115123125783e-17,-0.0,-6.938893903907228e-18,2.7755575615628914e-17,6.622579223195966e-17,-7.968810610020593e-18,2.7943019457844955e-18,3.8648445551561764e-18,0.0,0.0,-3.3203691532368573e-19
47,0.0012693721790619878,0.18145715088139222,0.17360771513245676,0.3568297193981133,-0.17158175063587178,0.04094213685236362,-0.01852581958876743,-0.12718635024694475,0.07424564779816659,-0.0905279913890705,-0.07588021257301432,-0.22464974749770586,0.3524979134303574,-0.18234246150168595,-0.13521135447642652,0.0857275380396843,0.013451425450629773,0.04742817927670891,-0.0614271525405937,0.1328322601233521,-0.0471687069055514,0.06700479000923558,0.054955157360024494,0.14547691863090592,-0.052971330982533454,0.5111658909584307,0.0432493474694788,-0.13845082570874653,-0.24905357834144726,-0.030472911787572943,0.10213576460356368,0.2073330503788838,0.2283342286784586,-0.01349310962582817,-0.0077312047805331244,0.012846142070200196,0.006816234232155494,-0.0032697798111923403,-0.006569043067835154,-1.6653345369377348e-16,4.163336342344337e-17,-1.3877787807814457e-17,1.734723475976807e-16,-0.0,-2.7755575615628914e-17,2.7755575615628914e-17,2.7755575615628914e-17,-5.551115123125783e-17,-4.85722573273506e-17,2.7755575615628914e-17,-4.163336342344337e-17,-9.357683098691274e-17,-1.7901393499629847e-17,8.101005568276498e-17,-2.98391556125129e-17,0.0,0.0,3.7947076036992655e-19
48,-0.0,-0.0,-0.0,-0.0,0.0,-0.0,-0.0,0.0,-0.0,-0.0,0.0,0.0,-0.0,-0.0,-0.0,-0.0,0.0,-0.0,-0.0,-0.0,0.0,0.0,0.0,-0.0,0.0,-0.0,-0.0,-0.0,-0.0,-0.0,0.0,0.0,0.0,0.0,0.0,-0.0,-0.0,0.0,0.0,-0.0,-0.0,0.0,0.0,-0.0,-0.0,-0.0,-0.0,0.0,-2.220446049250313e-16,-0.0,7.494005416219807e-16,-0.47254233905624965,-0.8813079359075053,-0.00024475641156530305,2.2937858045719415e-16,0.0,0.0,-0.0
49,-0.0,-0.0,-0.0,-0.0,0.0,-0.0,-0.0,0.0,-0.0,-0.0,0.0,0.0,-0.0,-0.0,-0.0,-0.0,0.0,-0.0,-0.0,-0.0,0.0,0.0,0.0,-0.0,0.0,-0.0,-0.0,-0.0,-0.0,-0.0,0.0,0.0,0.0,0.0,0.0,-0.0,-0.0,0.0,0.0,-0.0,-0.0,0.0,0.0,-0.0,-0.0,-0.0,-0.0,0.0,-0.0,2.220446049250313e-16,-1.8318679906315083e-15,-0.8813078750536528,0.47254239882236415,-0.000332691479653478,1.534971016409028e-16,0.0,0.0,-0.0
50,0.0037585318745182723,0.15435068912070204,-0.10903986379181299,-0.06979740897687502,-0.05125852819088451,0.2769064977961409,0.009869295302517005,-0.2052019203494854,0.08569113515908623,0.1254804084670766,-0.42069140217115303,0.350841264021502,-0.04774121376044158,-0.10693850701995006,0.2043624849219706,0.16604250693538386,0.39942473338535484,0.12816862345305235,0.11881939974041869,0.07118658372244462,0.03616163342247226,0.18226624708490663,0.35108170895938917,-0.0663545683134695,-0.13970681327120832,0.017073164605236474,0.19389303928085,0.024262342049449437,-0.007722685186678124,0.022125032208186207,-0.08555324967925766,-0.0448383782459833,-0.019155758979297013,0.04586973490168098,0.06060387837060645,-0.01713557346820733,-0.004959946152382544,0.0016208717853422993,0.0017261839218628283,-0.0,-5.551115123125783e-17,-1.1102230246251565e-16,6.938893903907228e-18,-6.938893903907228e-17,-1.6306400674181987e-16,-1.7867651802561113e-16,1.8041124150158794e-16,5.551115123125783e-17,-0.0,-8.153200337090993e-17,4.683753385137379e-17,2.5996922954302878e-17,3.348823890614132e-17,2.743471958379627e-18,1.8400971443696153e-17,0.0,0.0,-1.0842021724855044e-19
51,-0.0,-0.0,-0.0,-0.0,0.0,-0.0,-0.0,0.0,-0.0,-0.0,0.0,0.0,-0.0,-0.0,-0.0,-0.0,0.0,-0.0,-0.0,-0.0,0.0,0.0,0.0,-0.0,0.0,-0.0,-0.0,-0.0,-0.0,-0.0,0.0,0.0,0.0,0.0,0.0,-0.0,-0.0,0.0,0.0,-0.0,-0.0,0.0,0.0,-0.0,-0.0,-0.0,-0.0,0.0,-0.0,-0.0,-0.0,-0.0004088614230757792,-5.8494943002758426e-05,0.9999999147053354,-4.1270673366914503e-13,0.0,0.0,-0.0
52,0.34552414767935946,-0.0030206313034740373,-0.009231463457453674,0.01286088818516123,-0.007199069636647431,-0.025850769765394202,-0.0024889727421188905,0.0444447197753379,0.03294292457350209,-0.049199273271997586,-0.05148903990965354,0.026945583523692175,-0.04232387878598565,0.019450710200374095,-0.06384573941020716,0.02019356200632699,-0.020290348693233286,0.09127629923497005,0.02299917862592567,0.06625729444957688,-0.14168653334554393,-0.03996977404598887,-0.07973310827544247,0.073570395370475,0.056642236861988604,-0.03275525054586387,-0.0539412736278946,-0.03718515628731102,0.010232789727391287,-0.07491993745746896,-0.0014402054370285036,-0.08236147529379187,0.1452214814125124,0.1148783458368561,0.58599884177798,-0.6169052357965291,-0.03200388967963627,0.18828085676426612,-0.03473519754584135,4.85722573273506e-17,-2.7755575615628914e-16,5.551115123125783e-17,-4.440892098500626e-16,-2.7755575615628914e-16,-8.326672684688674e-17,1.1102230246251565e-16,-0.0,2.220446049250313e-16,-6.938893903907228e-17,-1.1102230246251565e-16,1.0408340855860843e-17,2.6435470595654167e-18,-2.0054542764742147e-17,3.9902930568351215e-18,-1.7820027141907236e-17,0.0,0.0,-8.521151449378261e-19
53,-0.0,-0.0,-0.0,-0.0,0.0,-0.0,-0.0,0.0,-0.0,-0.0,0.0,0.0,-0.0,-0.0,-0.0,-0.0,0.0,-0.0,-0.0,-0.0,0.0,0.0,0.0,-0.0,0.0,-0.0,-0.0,-0.0,-0.0,-0.0,0.0,0.0,0.0,0.0,0.0,-0.0,-0.0,0.0,0.0,-0.0,-0.0,0.0,0.0,-0.0,-0.0,-0.0,-0.0,0.0,-0.0,-0.0,-0.0,-0.0,-0.0,-4.1271153161659413e-13,-1.0,0.0,0.0,-0.0
54,0.27957870083294306,0.01616156482343586,-0.056687825976804405,0.006216546753594638,-0.031209695985791316,0.10371519651996494,0.058276556185278855,0.04491017216582229,0.05482311018384014,-0.06948775340398865,-0.06801097869608283,0.22527714914651814,0.06471836483099429,-0.1238278896746311,0.037552244945142005,0.01857206297200046,0.20071557128158748,-0.37254325243383063,0.053916141775386624,0.13374968891378028,-0.39318947638896534,0.03900635865886338,-0.2616740845235622,-0.07419733307020654,-0.10180713274115943,0.024637402557353916,-0.4655102856992883,0.040653735301245025,0.10814491474583456,0.10647627276698399,0.26927442443148175,-0.024940128550328233,0.05547758057994426,0.02991872978099895,-0.23352185388230642,0.04846070048005572,0.016388877382080242,-0.010174002754855012,-0.003091285500694811,-1.6653345369377348e-16,-2.7755575615628914e-17,5.551115123125783e-17,-7.806255641895632e-17,-2.7755575615628914e-17,1.3530843112619095e-16,1.3877787807814457e-16,1.3877787807814457e-16,-1.3877787807814457e-16,-8.326672684688674e-17,-0.0,-4.163336342344337e-17,3.498070737960157e-17,-2.2458067462832432e-17,3.911786023472056e-18,-1.1707400983335293e-17,0.0,0.0,3.2526065174565133e-19
55,0.3512008446961909,-0.0033722507294098045,-0.007588142682501002,0.011597680824405189,-0.008955923356169664,-0.026673987548380344,-0.0027339426735295803,0.03972351992703597,0.029405198440352262,-0.042566398966729854,-0.04341387459971381,0.018238917179568978,-0.03729441409702694,0.015511282438733662,-0.04985356212686522,0.023115585707415898,-0.03253378765249723,0.03273706366329763,0.010554881043024504,0.015085123492287989,-0.02801106725782034,-0.04459143187573748,-0.01983023666291389,0.004104838267876361,0.05067311328156096,0.0403012933311225,-0.01710639541550124,-0.0022215012851970056,-0.11063647200152424,-0.035955643110120505,-0.2461236825454957,-0.014996194704346225,-0.07664192518083503,0.12025332535213948,0.19931706487621387,0.6237001202773058,-0.08436682967620585,0.5569004617416238,-0.11719892069606286,-2.7755575615628914e-16,-2.7755575615628914e-16,1.1102230246251565e-16,1.1102230246251565e-16,-8.500145032286355e-17,-2.498001805406602e-16,2.220446049250313e-16,5.551115123125783e-17,6.106226635438361e-16,1.3183898417423734e-16,-5.551115123125783e-17,-6.938893903907228e-17,-2.791642093201823e-17,3.771859874091775e-17,-6.531639400776002e-17,2.844662383386412e-19,0.0,0.0,-7.589415207398531e-19
56,-0.0,-0.0,-0.0,-0.0,0.0,-0.0,-0.0,0.0,-0.0,-0.0,0.0,0.0,-0.0,-0.0,-0.0,-0.0,0.0,-0.0,-0.0,-0.0,0.0,0.0,0.0,-0.0,0.0,-0.0,-0.0,-0.0,-0.0,-0.0,0.0,0.0,0.0,0.0,0.0,-0.0,-0.0,0.0,0.0,-0.0,-0.0,0.0,0.0,-0.0,-0.0,-0.0,-0.0,0.0,-0.0,-0.0,-0.0,-0.0,-0.0,0.0,-0.0,1.0,0.0,-0.0
57,-0.0,-0.0,-0.0,-0.0,0.0,-0.0,-0.0,0.0,-0.0,-0.0,0.0,0.0,-0.0,-0.0,-0.0,-0.0,0.0,-0.0,-0.0,-0.0,0.0,0.0,0.0,-0.0,0.0,-0.0,-0.0,-0.0,-0.0,-0.0,0.0,0.0,0.0,0.0,0.0,-0.0,-0.0,0.0,0.0,-0.0,-0.0,0.0,0.0,-0.0,-0.0,-0.0,-0.0,0.0,-0.0,-0.0,-0.0,-0.0,-0.0,0.0,-0.0,0.0,1.0,-0.0
