,0,1,2,3,4,5,6,7,8,9,10,11,12,13,14,15,16,17,18,19,20,21,22,23,24,25,26,27,28,29,30,31,32,33,34,35,36,37,38,39,40,41,42,43,44,45,46,47,48,49,50,51,52,53,54,55,56,57,58,59,60,61,62,63
0,0.12507708914597518,-0.06267586824223176,-0.07975729862596054,-0.08797698458029737,0.09699668214488981,-0.047578721289759374,0.27235321142163316,0.06387654056333478,-0.28355676238322824,-0.2819726327088575,0.12231746094332505,0.1678456720229413,0.09084743066747522,0.03808115137892854,-0.09968007633513858,0.23065623132086274,0.21282624211071585,0.02207325227230998,-0.11656848864594478,-0.1696178503236345,0.3798854012518385,-0.002619173715848844,-0.01421762691371726,-0.018303678178851465,0.11563782769498196,-0.19619182363460322,0.002054547170900899,-0.36204779653749475,-0.09913776691851711,-0.01622877213829584,0.09292792621161143,-0.005785190102391001,0.014705846104395947,-0.12032203726719498,0.07457563436709835,0.0511816181292397,-0.00035746529497299493,-0.06476411322270219,-0.12032266889727226,0.12240034208994502,-0.010240950921695838,-0.11815110269732287,0.21294310776715653,0.01925031047802659,0.08239909974307048,-0.04903949091433768,-0.0562835578473531,-0.0420266223621642,-0.023861661498145215,0.00019706474871980287,-0.10828502628227529,-0.0009135927027485298,-0.04660637859665617,0.04472291117209327,0.00044633559691310707,0.006863262990301874,0.13129588391665736,0.032163786769331355,0.0029978239804431014,-0.0025896025017096767,-0.008832245271622838,0.02201988152070685,-8.122895337214244e-05,-0.0005568400793906736
1,0.13721409097927584,-0.09007197199443714,-0.06472562563411573,-0.07901066000210769,0.02718984040433526,-0.05588888400593335,0.2643812426452967,0.055837459098821485,-0.08442909116664951,-0.23235797499714364,0.0557962749393027,0.013319677950578066,0.0418490402853193,0.003740231516342434,-0.04239020387105707,-0.03103311195126507,-0.06754043937340146,0.023656351970874935,0.1897960911614528,-0.04827612193390267,0.08551538349083324,0.009731617578509705,0.12022925059078246,0.10758537019607119,0.014069942319850433,-0.012739551601750786,0.050741536336283775,0.058619495481986,-0.03421423195402411,0.01333179254845215,0.034455301707351234,0.0278327479829469,-0.15775556704177987,0.11422028985971842,-0.3390883361368804,0.1008628838926394,-0.06670785402584838,0.09478972254628293,-0.040425387087480946,-0.01141360454388008,-0.048517467604198894,-0.05460392561955481,-0.212468010950596,0.04756616021104212,0.13430307414078993,0.1115874472334454,0.25723107819071306,0.08635859170328268,0.040075175151834,0.026296871938383273,0.3891157612798101,0.016573534850460998,0.13710658949460033,-0.16165806249946824,0.04025258588546336,-0.026907102994991636,-0.4220238088701991,-0.10690279250516993,-0.004393152785331297,0.005879615480857542,0.03715845321714438,-0.03305496060700401,-0.03923955205031112,-0.014861653043871787
2,0.13729946151078581,-0.09500897883078396,-0.040993525443792644,-0.03772278554587438,-0.025171196577299132,-0.07629374536048929,0.23221414129644358,0.05202773639921788,0.06402385928344276,-0.15819100801887503,-0.0010037710936559724,-0.1607003795365772,0.002885812378534693,-0.06520696050163675,-0.02863097192490459,-0.09692347215539265,-0.16646582973782992,0.03713814032899055,0.3724870806974346,0.058886538087483696,-0.043666493844406185,0.07336744715937313,0.10133910152006809,0.2759171299728464,-0.07721253132093384,0.013878951902806372,-0.031023979021355293,-0.00595747380719433,-0.0032020628141365415,-0.04817833581049225,-0.09222073775698064,0.021417574702498422,-0.17883458806391725,0.129563604178752,-0.22173806193635615,-0.020336945964977298,-0.04926786659266386,0.11253473061490328,-0.014220279646946617,0.01844024914077954,-0.04382507372261511,0.06726163225449629,0.08656071001819304,-0.005056635725823362,-0.197506226816264,0.04465679424262348,0.035965450501488125,0.029985994674602064,-0.022518800401211802,-0.03628050664872516,-0.3631304062697896,-0.08340596316737914,-0.2395525711445053,0.31284507975931164,0.0345615179004793,-0.009403710273638392,0.24837614993196494,0.13842510403174604,0.010465350972562017,-0.00024831328698900895,-0.03201713542627666,0.04219576888300924,-0.03068944560281388,-0.005862905516974962
3,0.13417030941181907,-0.09096117311523366,-0.0032047039671212058,0.04576446094274883,-0.04801709149098618,-0.12965741232257008,0.225049827035891,0.01636441574910384,0.15078999066953522,-0.01917188531892869,-0.08480618257593074,-0.3037690208291957,-0.006646146905821104,-0.0828701880850172,-0.05380672136672164,0.20401750873206684,-0.005042576635859792,-0.13017839116610277,0.1964619413505786,0.029173572939279205,-0.07510917728065267,0.022616898789608344,0.05529424746725016,0.328915221788659,-0.12204124031235192,0.18554261697581256,0.057035431800793915,-0.21603191100027536,0.02972606999541224,0.0974594221618493,-0.09482686277521137,-0.06383343625345968,0.2348412567401203,-0.022224123148310793,0.2905328447178516,-0.15059628310844883,0.07508527557347394,-0.12306967095997824,-0.08890114271158363,0.04754362580980981,0.10071696393895542,0.11948134660341614,-0.006855808244935813,-0.0064109538947715525,0.07122820705744475,-0.2046458469550771,-0.24170058651972642,-0.1473765629581668,0.03761927520986427,-0.02421620217960521,0.19743173096986272,0.060456980729081476,0.10007022014007719,-0.1289194278248446,0.008168089349496865,-0.0056628866907836965,-0.05380611186921976,-0.08976121776877412,-0.0009765545782482034,-0.016720673945275114,0.03784241838703041,-0.028682003068777905,0.03060523727900357,-0.0018500087050519014
4,0.12955828652141338,-0.08514379653584014,0.03399959071011982,0.11670393191393275,-0.05658225827187932,-0.15164081082364889,0.17633408537181727,-0.0013751390159620624,0.14245880775020822,0.0983199753561905,-0.12292620185006223,-0.2959536408705773,-0.007631077155423757,-0.25583306917642984,-0.05718180438389409,0.3301232000650639,0.14485713603936692,-0.26801452929907243,-0.13708564891704506,0.014668560152581321,-0.13597994851402107,-0.0389323559615272,-0.11442202292054847,-0.23565488539014579,0.162494198364113,-0.1307914780116437,-0.08405630584678443,0.08545488224365516,0.02923786554292944,0.03476352431264887,0.052782665005072345,0.0662956154925665,0.08143690292238771,-0.0010644627877182122,-0.13241177325852702,0.11997767337812132,-0.020867387718941487,-0.02857160249492869,-0.045317122028157936,0.033278021164298024,0.0758556875776647,-0.003925079432891707,0.02593171809065717,-0.03221431673128761,-0.03317940944807884,0.025857917174533146,0.20259153355242493,0.3046059721804434,-0.03978866044740631,0.24456341387597524,-0.16767959523406445,-0.04413130313056133,-0.0260533584279137,0.008720378788383405,-0.06496489004142826,-0.004718546183875439,-0.06056568766362461,-0.07937946610098336,-0.1282256620576752,-0.05343437675146085,-0.09574661589790216,-0.0070306875563804876,-0.03653455299169589,0.0597812668457973
5,0.13493619217524858,-0.07714001121903777,0.04568597077291525,0.20185423573075906,-0.0922527037107177,-0.17800400957731338,0.11564173932994198,-0.009699432956619413,0.06416807973769773,0.11504868338575067,-0.04849080726583159,-0.03569357809303467,0.005522519720855518,-0.24213107867563924,-0.006503862793938317,0.0584640019844227,0.05685287483525717,-0.04538534736025594,-0.17692221904667513,-0.05347225037464145,-0.011516274792394282,-0.05409579091937239,0.012579511610157726,-0.025818610515146174,0.06255348806743707,-0.1741734083806745,-0.053999558741465746,0.16167919052051377,0.045525627844351636,0.009274358264053855,0.03843223320593651,0.04411216219102061,0.016165116451194898,0.04797860713750277,-0.11315640274446098,0.07394603145183096,0.010715746994873526,0.046101438686201965,0.08754192845005807,-0.013252919631352056,-0.1252306327583227,-0.06084419931677108,0.09880776349858691,-0.013712964752293324,-0.02301264135870023,0.1892607976467693,-0.04798817207865963,-0.2884995294504614,0.04510817667104454,-0.37890464816450303,0.23099515501489984,0.06815717497583107,0.026972853331909623,0.052616229290217226,0.07490586855126863,0.036530508774424944,0.15427430259454997,0.19609083599524224,0.27805446296004616,0.14160420173729704,0.2739448023655403,0.033190546040635316,0.05822063618142064,-0.22064925932603272
6,0.13328233376206008,-0.06798760640732786,0.05366004991354803,0.2393877329989409,-0.11757320695190598,-0.17970139852327488,0.05032969285970157,-0.02148230609095332,-0.008544342697492963,0.09006672125757402,0.006629153515164805,0.1847505410635177,0.023703966200729752,-0.1988582803276997,0.0017566110642648902,-0.0954989451609036,-0.042952591943339086,0.061652881268479925,-0.06885897914197264,-0.05058319594872343,0.0712234605807617,-0.05807566552234164,0.0654060189958661,0.08136825392207549,-0.04510788427287092,-0.04837406093636154,-0.022139988801063982,0.06844864349836924,0.15266811646513892,0.033279254438732524,-0.019870137164167218,-0.006282956675202458,-0.10108847694943898,-0.07668617899306962,0.06960381386675979,-0.03448185687764178,0.02479295974793521,0.01086397624985826,0.07006998662403503,-0.032053448710103544,-0.1024257533628536,-0.11795763340281583,-0.05102307631215283,0.10409068799453398,0.07296585483926558,0.02131787013239309,-0.04720308381514658,-0.17270367581509488,-0.031209918018778614,-0.1373658227892927,-0.00996567869006626,-0.04282028827371448,-0.04292002545764034,0.022494729829010296,0.0443321309489473,0.017674820009634398,-0.04309259576969175,-0.1424994764104791,-0.06646545026680246,-0.06390039113244206,-0.42370758007239523,0.0410079299272621,-0.031420140225432845,0.6052212052740716
7,0.13223665662878265,-0.05878779447594801,0.06333299236362117,0.24745225220654862,-0.11879625057964613,-0.1527096234761547,0.0020370179927066134,-0.02177871261953926,-0.04315577338514809,0.06334952806777483,0.036162755712158295,0.2682664820789403,0.04131137844054316,-0.16801915270743542,-0.02367290770369441,-0.11712943300570497,-0.087023892156318,0.06396765545005259,0.020354616829908564,-0.01661806180189898,0.07539882278748689,-0.0271410214801519,0.03544889110993879,0.05055994556005557,-0.08976901343703904,-0.009457148535582473,-0.013051572093817493,-0.07906364537695007,0.17947367373229745,0.08193688931812956,-0.059973340100714506,-0.03781374997888407,-0.08130141870433842,-0.0826780245580529,0.21930140772009074,-0.11917050531502309,0.024515769815978833,0.028090620610631264,0.07929404265433136,-0.09074960470432263,0.03226177482958295,-0.04611863113548295,-0.09168167518415987,0.08103984940592246,0.11822612638198911,-0.11510634459828195,0.1814108618321786,0.17278626845022216,-0.08862270821043149,0.09489737054117807,-0.2717561073827683,-0.0215623193648816,-0.08185265765829021,-0.001062292495988576,-0.11540516514563731,-0.10530144010600916,-0.13031370688842758,-0.2836246704778477,0.03027478191298866,0.13560335029651294,0.3547238323444736,0.10173389290335427,0.0769220836350215,-0.30088237415632835
8,0.13010692062569285,-0.08122094934459553,-0.07921031058314665,-0.14995461581106662,0.08206107810264851,-0.02639183247906829,0.2694553884451378,0.008419409373378525,-0.17289077335133712,-0.16483334697431248,0.0836179493237926,0.20958593703837494,0.058108777853576876,0.07857914142319558,-0.021714329722379612,0.06471760262633844,0.11586218012496402,-0.088567261546385,-0.20913876032853426,-0.11649394097045247,-0.15771203788990612,-0.032314162024358335,-0.02492022138423297,-0.11591958604038731,-0.049062923087498544,0.16276722982415148,0.07301787053977894,0.25620614694105437,0.12454338181887714,0.031003004406786473,-0.09375933432882763,0.017537562693159644,0.12384281174070293,0.06691208843272586,0.13768467924708808,-0.16071036961642451,-0.0050942084712954794,0.011811538332298054,0.14820291551530712,-0.24231081012357397,0.09676359007677328,0.19164521141925542,-0.19328485606148155,-0.24016956371257714,-0.30324873947914344,0.05819539900434019,-0.13263563931762654,-0.01826064345004383,0.08605000737264017,-0.07915740643867764,-0.11085329864780848,-0.020468998542708592,-0.07317620973904637,0.09796644996972576,0.0782682432823192,-0.06762698923689994,-0.18944504310563431,0.048261093799301186,-0.005653298947606815,-0.03526997398606845,0.029685324673173308,-0.010548626751317802,-0.09239633048880876,0.02276016303448224
9,0.1381386863600843,-0.10580286003002105,-0.06584000920020167,-0.1498913498505927,0.026190353140283174,0.013274825035013982,0.21352092559674044,0.03146610855215576,-0.02888595460916671,-0.1080888258286467,0.022427871970938193,0.0728196686484694,0.026286615965283866,0.0350396384225868,0.006093708329583392,-0.1238089872572041,-0.08504335149924158,0.017236209666084423,0.011027539276099174,-0.039008900595053166,-0.11275361556772845,-0.008811577068470569,0.013573105131580382,-0.11707739748056895,0.026201550809106064,0.02678544809604791,0.05377339973067015,0.2782021570598553,0.05481480438304254,0.00951952069719207,0.012533875865527025,0.06057757369539263,0.09777661539813375,0.03729552411773471,-0.02351881721864421,0.024649491018213288,-0.007640252350143518,-0.05581782071527526,0.08567465138734517,-0.08065296705288434,0.04699176131295086,-0.0016863752887277955,-0.14499846765627078,0.15680402015395228,0.2133236708039512,-0.12206257666541606,-0.03416051311337559,0.07253679112928386,-0.07324314213541958,0.1026399103699968,0.04651586453576978,0.0653972347552612,0.12947419335793808,-0.19702294491550948,-0.19769306961651517,0.16216446524687653,0.5569654515070908,-0.0794736194379894,-0.0064474661272294655,0.05410291401621345,-0.08977282815861788,0.0009683312025187962,0.34725812698280084,-0.012909883400462323
10,0.1386126948773453,-0.11611538228434055,-0.03173280017497455,-0.09486719951461518,-0.02740572446175557,0.024111091483374314,0.13738078953709051,0.03853662818837378,0.07803458027119237,-0.06482646326710094,-0.027330902324547476,-0.16072035183514785,-0.03315003133440102,0.07368711732582475,0.026601188631704575,-0.21529704507572062,-0.16273318598070186,0.12143176853184465,0.16694903796328214,0.06941282761593615,0.0226017887090815,0.03885854430246685,-0.07083349181841889,-0.2078167624285071,-0.015948663080730882,0.0007977775751364519,-0.03582362733905881,0.07853635822022606,0.027700478150485902,-0.058551604592552216,0.07136285069252378,0.019332034223393437,0.12396201765809467,-0.45174957546468497,0.16701367885072757,0.26459305625598883,0.017206535250104314,0.04003092269605309,0.12560963991848156,0.019110122988641738,-0.024944518203763318,-0.03793813323418074,0.2037291917845444,-0.1365275974790267,-0.08089882169544899,0.10741533327939205,0.06260406512495859,-0.1920018955140978,-0.23589743798476503,-0.03679338704838825,-0.2252720159565381,0.021022465345043623,0.1956225369886177,-0.22778659368965512,0.03265098100004171,-0.0396015801159341,-0.19965268548081755,0.0601385806421615,0.04232069412981468,-0.01035655912094259,0.0041069111635238,-0.017456178639684468,-0.02223067313942219,-0.0006337560702366868
11,0.14021849451052826,-0.12259711775972076,0.001991100484578637,-0.0169823867824543,-0.050492357531210695,0.02129268096844933,0.0733606672337914,0.026266796029176642,0.06454966226365882,-0.05163207981600669,-0.06053724373183672,-0.24721134650378557,-0.07804094922711124,0.1384302024551524,0.06552084899014438,-0.1670463567486807,0.022947546854439324,0.08731142211251412,-0.05645620357499116,0.010117421656348852,-0.0014480025029249277,0.07409664072745546,-0.02736114104319297,-0.0909155591030834,0.015345083407089802,-0.18755449261208545,-0.07693298166205689,-0.02994991184585513,-0.049169405232178415,-0.11175974257713327,-0.015114203383568628,-0.07256551006996707,-0.3190487023042651,-0.035686709296770106,0.29493712652287357,-0.2388575013114796,0.0849015340715763,-0.005066911071622979,0.04911870406167536,-0.030193743165703044,-0.10692972257492721,-0.1858514290422542,0.03580551387725118,-0.045111985441322576,-0.04886990933659788,0.2264556680089855,-0.18371845407849294,0.35271873282337224,0.4233869247592479,-0.0032998518088906774,0.09901048904871326,0.08253260370325298,-0.004956179382704408,-0.07096465359095497,-0.08967682452171157,0.020950065557408755,0.017943088437982674,-0.02961391276141899,0.01827584210161877,0.057289781999186246,-0.0075458544698882996,0.06314400824657326,-0.022789787858278815,0.02668658966781858
12,0.13650784069196809,-0.11561003981656327,0.046067150380349926,0.06704049758570572,-0.06040011487132314,-0.002650558752477078,0.03100775756762604,0.016574064767696517,0.06885109528252006,0.0003988207637751484,-0.07646700645539042,-0.3061830255039938,-0.11260547838087398,0.23458707062327921,0.09442362360877768,-0.03125287987293218,0.14739589309714485,0.11805449381329358,-0.28297020957220576,-0.04481747149495169,0.11844555819320374,0.0051942504165309366,-0.005231199370961802,-0.02667551883466681,-0.0449547609799198,0.07019721286762506,0.10192347960815361,-0.025975526190183798,-0.26176022687872663,-0.12068712632855273,0.01612581907453605,-0.09704943701367166,-0.19204903354237735,0.05325856039995053,0.14249070611835146,-0.14290103896035772,-0.02036288669967014,-0.024480464540368764,0.0022142329266229555,-0.11721217522585464,0.04901066213842621,0.10328604141863235,-0.2753813694751352,0.037199549889849,0.14247913022423428,-0.10355784241822237,0.33564631823226015,-0.13935014600894036,-0.34987088750259826,-0.05879668722599637,0.00043854980769665597,-0.07331184839215435,-0.04943203172477015,0.1403185864407866,0.10017388839553028,-0.017179120126724904,0.04027732727910205,0.11338799103769316,0.020773117481421872,-0.021490658163676152,-0.007389302625924542,-0.051162562856103426,0.02770427955257009,0.0114893248197812
13,0.13786547720934642,-0.10368032381301867,0.05435596661658096,0.15054408344530368,-0.08845038820409745,-0.06745318850384129,0.0033262561975045193,0.009640503278409263,0.03706619521104504,0.052988568498384306,-0.02433743664625973,-0.08901503051980175,-0.07110823999962129,0.18094185111236435,0.08058499238225493,-0.03032665935135903,0.05569854721376591,0.12652471062385084,-0.23568616731324543,-0.026473082871152753,0.09477640847554555,-0.05456891181745681,0.00117130442572538,-0.013609202791729579,-0.14253387054001257,0.31244955824057974,0.14236579262492183,-0.06924747692205468,-0.20682456544775008,-0.042080207546816205,0.10782187670178889,0.08369648081714542,0.030331159949050477,-0.011070588738551046,-0.38386660011850793,0.25768657630190384,-0.06417356518276712,0.08673940144391894,0.10392626311069583,-0.03866184350865828,-0.049194113473518666,0.007866612068239645,0.04088556694707446,0.08642733738918013,-0.054782247485328124,-0.1729221391584042,-0.3753183753411446,-0.010019080968812887,0.20495990076601903,0.0631494784159179,-0.15613053043411124,-0.036468790498101276,-0.04244742861510075,-0.05911960652581741,-0.1157437379557704,-0.02323872501296597,-0.07616017120700133,-0.2084931959907706,0.048256801557413735,0.06956366010243648,0.06401916395452478,0.06896022053476296,-0.008392198651076857,0.005186769583000919
14,0.13970195035280647,-0.08941284818275956,0.056495869259495624,0.19655036754773317,-0.11163476344299147,-0.11732829550944657,-0.004029782718775811,-0.02246261128709462,-0.028828558429646156,0.03454508938009668,0.02494345790268837,0.11955406340341537,-0.019417316160724063,-0.013595824981774446,0.03072964706928935,-0.11695368171357697,-0.020933913146746683,0.08265104189464201,-0.07415416419797019,-0.045957624416029214,0.025223120549347583,-0.013424386589496198,0.05729797624293682,0.07672894479216286,0.017793169165263245,-0.03312393869233818,-0.01612068539596696,0.06510478201559139,0.012728866597633809,-0.036104418123544146,-0.0041537521320698,-0.005366913894237763,-0.0472144575110491,0.0575237473398196,-0.013249891607444615,-0.05380486492076961,0.005812155127816067,-0.05569500007937343,-0.051647426348180814,0.06780753976745774,-0.058240956494047647,-0.03177157548462753,0.008509470222534288,-0.008698634473520494,-0.06926629831983233,0.07710028906743148,-0.19264676820486124,-0.08968907896756306,-0.06989726856672623,0.21581924798692365,0.038884770843581204,-0.0563135605469483,0.1286726862046022,-0.07215094279871556,0.020583529753416648,0.045241048693536234,0.035884632176455045,0.16585356855535344,-0.40208587282299524,-0.30853871032185515,-0.23367013933813943,-0.2892326538172334,-0.16991989546962838,-0.47630676302811753
15,0.13616839348806017,-0.0744568594583563,0.060887838373074404,0.21567109735888643,-0.10790205459073329,-0.12411647494120326,-0.016718070124909702,-0.025234237026255907,-0.03847563417700289,0.0579032000489772,0.035462614053371755,0.21198681950741083,0.021291612854155928,-0.05243238329862163,0.008994606103379058,-0.12314524885320927,-0.10151460213245517,0.12037588555783052,0.007751648383545355,0.021436325660865563,0.041510458442459486,0.02438085120695958,-0.07767121158127378,-0.044169904406945314,-0.050288339069238255,0.1990204490700489,0.019621423742544157,-0.1801600222276285,-0.0549378704571181,-0.0202165367042427,-0.00023471564967864067,-0.01899446721044258,0.0732956887326861,-0.1497468651650467,-0.00020199392254431278,0.14280926006620961,-0.025579099634734613,-0.008343108663544558,-0.1550430074627857,0.009601440487159246,0.22908285320305338,0.2801098169553544,0.03362120691428161,-0.23074148030981792,-0.07507068722306737,-0.07182645555609632,0.2199778031619502,0.326599444111348,0.17481886104640829,0.023526323251296246,0.21286339154089381,0.13143600369433425,0.002075150870082431,-0.020195589194442913,0.04373606570784588,0.06655306623058302,0.14792410340666406,0.3424159422474135,0.16587201823586206,-0.018148429900246225,-0.049552964181386494,-0.06559853283091593,-0.019270788704672904,0.12287405906938653
16,0.1292564261676223,-0.09812573439232451,-0.06853244768399744,-0.19929547306262482,0.05157026564779394,0.03756220806634018,0.142272204725869,-0.002625406082248625,0.07123452856176338,0.22653872468335212,-0.028385516725216164,0.22483830014344858,0.010132635461461759,0.10278617216789629,0.0450062750181735,-0.027721974549079608,0.011735870866419862,-0.06841217653533554,-0.19740910036649845,-0.028600129815217423,-0.4725805471180531,0.0003529630059507724,-0.07595086657364165,0.07131764089264392,-0.08384167335491505,0.2358306357226583,0.09524212457063018,-0.21664930766527662,0.04551188719871805,0.01721698780170718,0.08524547656722874,0.02934396714829185,-0.23773076093333503,-0.04870153220409296,-0.05312016648391401,-0.08362194959437273,0.01711279982867015,-0.08915660917220304,-0.14382928404188883,0.17378294758713414,-0.012535432285669081,-0.08230061074563631,0.33367408305369295,0.07918533828656305,-0.004259446646024109,0.15462672472409472,0.1432319367553897,-0.0211413350399687,-0.09950607170158571,-0.05349814992215505,0.0596799315951633,-0.06307751810007656,-0.006016991429924554,0.04005487712899379,0.044094450225879364,0.011052928848897923,-0.06415746496423369,-0.09454407687790331,0.0059940465739919575,0.02161450503976932,-0.08487129212356201,0.03744036485682642,0.16399605920301558,-0.07378720303845177
17,0.13762948942256195,-0.11437268872663531,-0.055802020170243744,-0.18211003171204526,0.013233392946978107,0.07609225325675793,0.09731925019513514,0.028758822698385547,0.09031719265015264,0.13079344012238878,-0.03962881788339401,0.09735142159093428,0.0211206692320956,0.0031630019382448693,0.022679150637771456,-0.13828768319064616,-0.1225328855040772,0.036660526914330194,-0.041754544782538816,0.0005324970755901937,-0.10323708038203383,-0.03483777752335856,-0.03219048911690303,-0.03515787496784628,0.055707922897029444,-0.08877349180790389,0.006637368617420737,0.13230214993782496,-0.029007065258537156,0.025252136549773048,0.06672453114855871,0.02680910400877729,0.11570980849843684,0.11740635340893268,0.016316018130454163,-0.02582277577236511,0.06518989767293383,-0.13565222223604695,-0.05644202526789606,0.10608120633177115,0.039246981225213126,-0.10252491270609276,0.03451093520517118,0.2330673013662575,0.2665178324161156,-0.2683815800315707,-0.05411626322351444,0.05162749033533401,0.01713992537510444,0.01657239533067864,-0.047430904017870035,0.03467787881051011,-0.09076987208267115,0.017455273428610266,0.04800533411077395,-0.0197412900475511,-0.02195889544183932,0.18863516696769633,0.06855605343745773,0.017367877864439683,0.20578925799540093,-0.016976327045561374,-0.6309754444337308,0.11443479065269761
18,0.13876404850749013,-0.1305607418562948,-0.02161947467271987,-0.13004087512512866,-0.027806520007590856,0.12050419321914255,-0.004799955061327981,0.033207316969281905,0.04893928607577731,0.02523039767658411,-0.03417894476540745,-0.037982579909559944,0.004674018182691503,-0.065689355941075,0.0196180345650101,-0.18137340988072925,-0.12072270045619446,0.09911829553435655,0.021562739882073412,0.046921139848464494,0.10990224048115016,0.016195910730498565,-0.10319453756560464,-0.21243538542732784,0.0762203038536264,-0.07135481238849273,-0.05976010450196681,0.005979891133780474,0.03298978643450891,-0.004579939408635245,-0.004092515064579749,-0.018371032846253077,0.2153085596420118,-0.08946144274514417,0.049174592367055264,0.13127843620316088,0.02075837858060115,-0.047588290788169785,-0.08813502781472565,0.07899198646335184,0.009002361368237472,0.10440451676791822,-0.013387319282542248,0.016757926575484534,-0.043205273958199536,-0.05978885948610258,0.0032340855910516775,-0.11573384715792465,0.13059155168185294,-0.008311273522927985,0.34410995349938567,-0.13167783526195764,-0.31111390563787494,0.47099068815714296,0.0018744447889476375,-0.06297538061667232,-0.02802504078107794,-0.3066251858868594,-0.2141210224570978,-0.07994155756584775,0.039378191520947126,-0.05224632027445694,0.15220756573254648,-0.06724979941207448
19,0.13291725800110682,-0.14209644487998552,0.014787128794321319,-0.08940446837769568,-0.03946622201865912,0.18140520314152947,-0.13254586770782686,0.024034432784470497,-0.015414981779700285,-0.060811950246939375,-0.016273436121688856,-0.11400459618492909,-0.0020687987808681307,-0.07729453776994571,-0.004692824060739016,0.006501855461960776,0.01241030866611762,-0.027439514671918186,-0.026822629544069443,0.0010682981130276659,0.01745130386773297,-0.03460423011933425,-0.04999789299943043,-0.22758409910109034,-0.0071182961212213625,0.06112606850831635,-0.07613463993559985,-0.31099035167109135,0.4850517716426182,0.18114165874265964,-0.13278332162505596,0.030323329305406623,-0.19262747720440423,-0.017869921505911327,-0.09314815354839287,-0.013754309199621208,-0.09924216826872281,0.14759467150838385,-0.003547025168345014,-0.07566800517320416,-0.04963178431434241,-0.012632214468678953,-0.16196396883319397,0.07799446961538943,0.00413504704204537,-0.06063399038521077,-0.17888616623471673,-0.13239765558308023,-0.08732338406576992,0.3195062524725467,0.0969904748695033,-0.057362390104557154,0.06915241382850011,0.059676798766804075,0.043162197989917335,-0.010918528480670132,-0.005064149318545735,0.24725121109494563,0.1944623174847179,0.08769038555499901,-0.06576970679549055,0.10574661691150777,-0.02627502863833297,-0.01727695338880205
20,0.13452183360474845,-0.13712079863342938,0.04055368276596227,-0.003101210112005184,-0.04653897219793304,0.15340882657730803,-0.17227336337709626,0.005417964589425826,-0.056407538221152034,-0.10692235587676974,0.004821128494923582,-0.12302986866736637,-0.07471785285249677,0.1272488311841459,0.05524671202782783,-0.05907318262554015,0.08072325286091328,0.06238752274435632,-0.11940757214789226,-0.03984657978453912,0.024654085896024344,-0.03314604117608788,0.06228567473112952,0.042981972703095145,0.07311044245884052,-0.1790796194644686,-0.10506263781952103,0.021078550527158707,0.33497591658421594,0.10058082849489983,-0.10310636868509573,-0.021914256982487695,-0.07697250520016426,0.19419179193022915,-0.14433847752791873,-0.043380307176286256,-0.02988202132699196,0.07124696660895216,-0.07765665951332966,0.06745051115671197,0.17722733249910466,0.28391379265201894,0.29138087685539227,-0.09350597925412223,-0.01635860404104629,-0.211259200589269,0.12301491002699785,-0.0028898402523275385,0.029310456543495317,-0.3367576928895604,-0.09464456258002563,0.15010469369520454,0.03777564938078985,-0.24607309665347424,-0.0014452536974957834,0.003795179960463301,0.01395259819513342,-0.1977371811374286,-0.1546374273503188,-0.06512310822327874,0.03556047037929154,-0.07283859151656469,-0.019081195668410753,0.03455885060883501
21,0.13356012292263025,-0.1194960452361717,0.061683280102606146,0.07634693521976958,-0.0724878454029593,0.05316275579785474,-0.15405790909027972,-0.002896543968754029,-0.030512517931953177,-0.025254900878079144,0.017818458894238137,-0.05052390271995526,-0.06317405450940347,0.4190157021420933,0.032905477431114716,0.15518754899298629,0.07109004747066548,-0.04653321465582527,0.02216412954835817,0.0033199099298166224,0.13782584199851894,-0.08780299096776625,0.08550792370608559,0.19962907960895984,-0.12354746805316795,0.10911763524788541,0.07337921759093533,0.18326118338363806,0.25903911460039786,0.20041044437442476,-0.0520333513909893,0.041649228423425104,0.37993825102313206,-0.03649176071026272,0.04354212145205977,0.052775981089685065,0.03895806912239211,-0.015847299400265795,0.02948939496145033,0.0718952730424813,-0.06318000449451108,-0.2913241178904449,0.06292736004727392,0.12355648075375435,0.07196483353932391,0.2377315742975905,0.18937569614422908,0.17034727801441624,0.06264838597287843,-0.006839172792313117,-0.00023780563484654405,-0.036806393256779986,-0.1182350965060337,0.11601784029138339,0.019256693224902137,0.02353495752706604,-0.0030346426973403492,0.1399740186066307,0.0536906337640254,-0.014515576346752917,-0.0734416716505933,0.01268304154791039,0.042469835801624195,-0.035160249911837235
22,0.14134738584239487,-0.10257292728113743,0.06312669752302232,0.13764949586575062,-0.0912948644486871,-0.019722455105893263,-0.10216716396374079,-0.03164993449720646,-0.0700891638105114,-0.058123377944084634,0.047356977359155526,0.06947603734362949,-0.04400646346338655,0.1311703276791235,0.03110132817965823,-0.0860593976476571,-0.0001225109825810644,0.03327319984372036,-0.002293831304008953,-0.004336757347883774,-0.0987104278411878,0.046279175751033276,0.015701280706876146,0.09851791145055594,0.11184606360253802,-0.14968892173345064,-0.028894313431481796,0.06888341037482176,-0.09698861385950772,-0.05851968136344403,-0.004348752220274393,-0.007930425786708373,0.11500183348758673,0.16697943660621145,-0.041628292495494226,-0.08202900089008455,0.0031418592399951417,-0.10683850398826271,-0.18915194199145408,0.1470016361087823,0.02855673695701215,-0.0009698656575955061,0.03870957211397877,-0.12937973013787785,-0.17017386355459757,0.14640998908097047,-0.12462769321217888,-0.08851447646796723,-0.21388341248068973,0.3347906918101206,0.05282235701281124,-0.028604585808346596,0.18400613304466618,0.042651454705420366,-0.004377994294593237,-0.011935388756310075,-0.024452322827032774,0.06024640088570699,-0.1720312228324093,0.15298624966909263,0.3825994450818255,0.24646325913026612,0.14401785189473856,0.33701468177363814
23,0.1336693877218943,-0.07953068667857041,0.06211754536754644,0.14636412287880027,-0.08214092717982412,-0.07599931174982033,-0.07895388746703111,-0.0030343731385492024,-0.025976567205354656,0.0666432541322279,0.02886824437179826,0.1417975387350323,0.060346952577656196,0.2729131299666141,-0.09573217439439347,0.2756889091322494,-0.07584954421770276,-0.22404808633368717,0.37819339428341925,0.10352148630380986,0.09826310445215253,-0.0013676940662857072,-0.07472802609173577,-0.433063921225429,0.0018268109863720239,0.1406662244383216,-0.014248615819588863,0.17163297128436794,-0.02210937882695238,-0.1815335252767624,-0.060883761828037467,-0.036482613263885175,-0.2478307820889623,0.045076591714454335,-0.00790200024705711,-0.10388727456787744,-0.029195271824944732,-0.17088633260041497,-0.20321729836486863,0.12737801715422575,-0.02106376143608524,0.029645760225180954,-0.0263698249088319,0.08842572781930261,0.024418071640963254,-0.0704045288878597,-0.07594054222604504,-0.13164750155871588,0.05055242103254818,-0.14571128401446867,-0.055400245977031144,0.022256616299847085,-0.06252587226328969,-0.05899369587935118,0.015222544479570055,-0.02091238854899881,-0.04038075717337922,0.000580160095537529,0.03527274419623809,-0.009850663651082725,0.0074157428133209274,-0.015873759283296318,0.05138878512806544,-0.017125993296441128
24,0.12539156440306712,-0.09831270203827824,-0.04060413333671711,-0.17665014933005754,0.03165183657488562,0.055266357580516214,0.006911199199686385,0.03900633133954494,0.19604665488101516,0.42717578602683126,-0.06564850276578295,0.1933242552283161,0.06052197453716312,0.24956048660759922,-0.045320712640524785,0.2614790577695891,-0.003110822083123632,-0.08854225792140212,0.11282618971727665,-0.00781851942777212,0.19085986014804232,-0.09889126990496061,0.08831132038712367,0.21400620065140033,0.002677642132986824,-0.1999570515939129,-0.037067009483769765,0.029019255770235494,0.001188187145907035,0.018781025760345876,0.11070157332400131,-0.03206681878117743,-0.19214984495821907,-0.12721030518585458,0.029673301093975993,0.12500000642052353,0.04851397537223326,0.20874246167141924,0.17360340488600093,-0.19965987904800347,0.031821934668839987,0.14311733515431835,-0.018031102422056095,-0.18239961627151297,-0.08736484001041833,-0.02172653507643839,-0.025092551074962097,0.010380552664181267,-0.057939484086992385,0.11705190212499157,0.11967446315916994,0.002877695926410036,0.1220011175928502,0.07163296245372405,-0.035994148074323794,0.03605062705369487,0.15164699936767462,-0.1091559398020216,-0.062407016503317245,0.025878114660583103,0.05414347136159786,-0.006316579817167101,-0.11765987337661749,0.033415839206394585
25,0.13588802596471924,-0.11836700214700889,-0.03387062944232032,-0.16707602212950942,0.0003814167507663434,0.11374929303564217,-0.01608188914119584,0.03148960046887777,0.1360506234506869,0.24246920804163627,-0.05254853129362253,0.09780538613272413,0.03016338331779848,-0.0719037671044978,-0.018008112254254666,-0.04116508489774451,-0.08801250458533894,0.047223447826411746,-0.01903245216848609,0.007013484954554783,0.12161996757587948,-0.04757335296564155,-0.013026652958968953,0.08845296118231255,0.10656776501004062,-0.21352951169624343,-0.04766931225816433,-0.04362210011743131,-0.13592112909789744,0.0403350116578522,0.051309145270672,-0.0006339398121211265,0.12838852902351558,0.2143098565621643,-0.031344012583255004,-0.05565704245101065,0.051364687915507745,-0.027110127353545968,-0.032941328468057945,0.013997125886271639,0.0040237990911163105,-0.045932958350383864,-0.1327041058615317,-0.01580185751588559,0.005578519578801171,-0.14725642697907332,-0.09344617282216897,0.057674863138819046,0.10855774503622415,-0.05395066947252358,-0.24716052184977733,0.0011899477568482362,-0.028737707103194496,-0.10832558776357079,0.1006787678693885,-0.07423738355826022,-0.3130955511449707,0.2868558608465873,0.12604760027010567,-0.1093731433569494,-0.13142896982658053,-0.04210532262390845,0.5003917077712635,-0.027286606937026267
26,0.13422255304365405,-0.13035995667111272,-0.004969941783099751,-0.14160059376995363,-0.028437617564223902,0.17260268922458552,-0.10143842722066478,0.03332087716605019,0.06780930679258204,0.11010819728202366,-0.03887749911806861,0.022726376507390976,0.055789835321640384,-0.18865613163790718,-0.047380274673339065,0.013389182767434504,-0.08114032742044253,0.029785152421285686,-0.0013831174766281706,0.030557183273865557,0.1775578638177742,-0.021791893522378966,-0.06208726476017912,-0.0725629571194192,-0.018295495888634855,0.18451145253325218,0.05180467509188265,-0.23132221233550856,-0.10653709323020295,0.05340951856377856,-0.04514586589282582,0.0140278121910285,0.18501728390328132,0.13657346596157446,-0.07873300649945737,-0.0820990590408788,-0.011791498103905475,-0.12335004474091793,-0.11340841288129258,0.016425122491201052,-0.08414046752250226,-0.12878517753828886,-0.29449920838118093,-0.17528666995450748,-0.12801435139360778,0.28168722217549924,0.11909536691623007,-0.02895861296938465,-0.020401010462046718,-0.24229090695781969,-0.12029929178972848,0.10452037126493828,0.1045334617917711,-0.14436730701867648,-0.074495501731828,0.029724030112486637,0.17674791917558788,-0.14208503685223095,-0.19344413536937902,0.16300790929126954,-0.08580729211590049,0.20275272240216644,-0.22188247916607282,-0.06684470216408935
27,0.12889042569441717,-0.1340423350116576,0.018964573945899413,-0.1095193134384536,-0.012340439673012038,0.23047610980669328,-0.1773439575414352,0.024221348295243767,-0.03299544642617203,-0.041939505955233006,-0.014943227670876262,-0.01378383795097,0.06656968925351182,-0.3367745460437317,-0.06816188796910656,0.07602555236824116,0.007670373047153456,0.01774368213840833,-0.023584073797575267,-0.023504689908123433,0.1963433486801115,-0.0632052628892215,0.08100004804368496,-0.007599915716795219,-0.1297520548400556,0.19421207998184,0.08118226867756383,0.15426655903568143,-0.1331302477772986,-0.07997435048749374,-0.06340044411973977,-0.023198731609086077,-0.046943817875101754,0.10013976226704921,0.044615100916847866,-0.15544165856648384,-0.015544975348396831,-0.0066426614822221175,0.06254953000050173,0.02560851780063994,-0.007167912884739527,-0.02930460712324682,0.2568595826319242,0.019871939811080028,-0.07260691326516702,0.15171966144820212,0.011488764544359674,0.037035760724582034,-0.08471097675970332,0.17729079341027543,0.01201964372004799,-0.026402061623891377,0.0747037189599046,0.013343012683728936,-0.07182396746111419,0.048752513116659776,0.024254043738501097,-0.15247203443680796,0.3131138432502097,-0.21577438674865534,0.1584615244096075,-0.4054918408862658,0.010506967990027743,0.14428240182819801
28,0.12694228562893842,-0.13379059840255078,0.041873189654509334,-0.06353212871358303,-0.012337262212798489,0.23756608418777175,-0.22158046386830585,-0.007162885739854149,-0.10358644906336378,-0.12416784319250102,0.02167765136923937,-0.01460709720091233,0.050043683298074244,-0.3098528451338594,-0.05555450973609596,0.13472417908145423,0.07529180086622869,-0.05533968008600278,-0.006599765115567077,-0.023572959332255963,-0.008993505958005028,-0.01805881722551262,0.08838873338859737,0.11984269675509637,-0.12674919621254427,0.09976461396634523,0.03855076947723893,0.2645867794920893,-0.150598433669363,-0.13525984206472103,0.05690451404426075,-0.022625753279431768,-0.13574550609453967,-0.16517118797748298,0.10020315408498978,0.08677960343503774,0.01920397932378199,0.019559700842439506,0.08308763308850739,-0.028154547687401388,0.046069270151382534,0.10689452502685991,0.15912403087979435,0.0984148304267786,0.10994968350618053,-0.11116044742135366,-0.02327819407630133,0.06737675252196976,0.03889502141356454,-0.025422412155196836,0.078633020262588,-0.029854953110867652,-0.06295846444008531,-0.02606687621709944,0.10809428193846914,-0.026016230781009467,-0.08039709314381223,0.2154363147067339,-0.29491525351897163,0.203566238965138,-0.11053501899059943,0.3879633878486331,0.04144567206187737,-0.10926249858441689
29,0.13206181500651867,-0.12826421159954796,0.06342020205980922,0.009278857957809288,-0.05071848810996661,0.15759214836315558,-0.22068952005601022,-0.03453657168728603,-0.12108317779904795,-0.14199238047956356,0.0644164699891637,0.01378380877808312,-0.009676015489023434,-0.039366379501245975,0.003979414461829632,0.08203003956588012,0.07939331435087921,-0.12991419107794755,0.02261709223126912,0.009293996158752038,-0.3456564279875522,0.07199458043513099,-0.009843958141999731,0.1893829259221801,0.04919008041086036,-0.07833594409762201,-0.033916969701110807,-0.11265533490174495,-0.017273921511239694,-0.03009833070262282,0.13700705418869263,0.0807381601753536,-0.10705922963585475,-0.3291565965672593,-0.047236741510816666,0.1890164427420517,0.08190859674884637,-0.07687451559220426,-0.06729576684489638,-0.034143150776270795,-0.07945118711394257,-0.11362332038281295,-0.3909631390455837,-0.02289992987038363,0.02616900145207346,-0.02291945164293073,-0.023399821767321527,-0.02810819044569632,0.10586697637322218,-0.16570951896219718,-0.12031984988321187,0.01850111162514705,-0.032135050463315745,0.014314578812719275,-0.05746194762889658,0.019978255025820978,0.07114486815619214,0.015744182561803377,-0.04660321430777117,-0.2088985475564067,0.23677194955356365,-0.27561968312052154,0.028652605330363224,0.10115424918609509
30,0.1401612349579406,-0.11203851467977771,0.06213966017959058,0.08263830694295556,-0.06886940850050512,0.06547600802929603,-0.16373372424020272,-0.040053630946126864,-0.10634319707512903,-0.12133160226797857,0.0634972587517068,0.049694792558971156,-0.020543510305955488,0.06354506328419943,0.011249140977713502,-0.024646676625675133,0.016830932984929034,-0.054277777514175174,0.05650971518204295,0.018146621902085283,-0.19966119227516954,0.05946014955268407,-0.02483466459144318,0.12342345503252218,0.14587249975485145,-0.22810778866727596,-0.03638499673950668,0.05163663385730918,-0.18000445304338752,-0.0563027349866984,0.059263478267701286,-0.02689804618782782,0.11724658040754501,0.028162170724143787,0.025897876647473995,-0.0064935775378852575,0.04086486338468488,-0.02165000238460016,-0.07045931336496306,-0.007375412827648562,0.060176974879139915,0.06050663524101599,-0.021231324621557884,-0.07291499675252194,-0.08464452771515592,-0.06014168453962303,-0.003325121027428296,-0.06462785866285956,-0.07205093074685223,0.0927914609628547,0.023993111132804824,-0.03289136462395532,0.0057756801868664165,0.04590070409577929,-0.06143956339301834,-0.024107351399466705,-0.03388784607364407,-0.27294823111258393,0.49671469152221764,0.18511531711664508,-0.4334330286338234,0.07842616699865322,-0.16878589758005677,-0.21748703748600606
31,0.14178894414872448,-0.09023198261721795,0.06122633948946179,0.10662183671554357,-0.0562164987390526,0.002736408750056499,-0.10127543770734743,-0.03240055148642177,-0.06410898743832116,-0.06203954599044216,0.06579814231613605,0.06782060300501849,0.031125996939527653,0.06304751802920741,-0.03450660540512549,0.020724940566401784,-0.035528002921039886,-0.09947404048691516,0.19094894421381098,0.0693574132855999,-0.2080563703845487,0.09727886503159403,-0.13711831532062824,-0.16104821706303774,0.13508028581879983,-0.011045325880256612,0.04602136377829304,-0.3101392013857569,-0.22383928920648372,0.06701875425466843,0.027131229357907627,0.0024992781762836203,0.18773077267158872,0.23058927126232528,0.03342247366628795,-0.10287297692935551,-0.10369901307722837,0.25996058285301904,0.45901431855777874,-0.26061949394834094,-0.08944463704356527,-0.029469975657701458,0.20963791595313286,0.06664913953307963,0.15365159342638787,0.02091578304596979,0.042766754423635894,0.010950562943874226,-0.028040310584813086,-0.06393043832164155,0.06767799994650615,0.018667902502101565,-0.0041049171013879115,0.01387699363407316,0.07617309695764828,0.00561841703330173,0.004490612398876102,0.03498188283413173,-0.16210302527924436,-0.08857148720101178,0.01928075811146754,-0.04093456814760401,-0.0014486449286887837,0.05659563710480654
32,0.11501795133167098,0.08570031895676486,0.2429120879436694,0.08762699218623766,0.2420513372209629,0.07824970150329423,0.05115260161947766,-0.08640987797206619,0.07007042786424823,-0.04622447721165865,-0.0980917830856811,0.019525896032772373,0.23032669652074525,0.027019409943773897,-0.08282404565156336,-0.17274324168255117,0.0916500009221802,-0.1711178545011242,-0.03461384930819472,0.1631188163952008,0.08414320310337105,0.12473540524487961,-0.12891352853229343,-0.0042210404391422145,-0.13861796463039378,-0.14001573254382743,0.1571156586343101,0.047342868550115574,-0.10262391883054857,0.2613508260217667,0.007995574237792097,-0.04732983639739501,-0.02389142548240558,-0.10874689914643204,-0.02684199459878457,-0.09412739394393443,-0.05239393891683468,0.16306930007445777,-0.008277321412835575,0.14066647950160288,0.2025446013096743,-0.13091667489941217,-0.055578986607905397,0.22385174460344864,-0.3351372222538022,-0.10161519164243854,0.03929277717803818,-0.01413211696083752,0.04511696066992897,-0.039294860424180886,0.05183339837288009,-0.20370036503998779,0.03579167130648567,-0.1401148237368386,0.12383082489162837,-0.0795404379518915,0.0893691716862032,0.013076106421789191,-0.06780078273148413,0.19818023568651108,0.008999262435447936,-0.1696558115400814,-0.0005010244373577794,0.02492506314516929
33,0.11959426736819012,0.1482876725429597,0.135839635676922,0.06498588793727325,0.09182907272457533,0.15547513356681128,0.08994942847692314,-0.23039174401735615,-0.1173893419503373,0.10532287071497905,0.040030990250145275,-0.1153866934532691,0.20788635630693222,0.0652718870075501,-0.02816329671709186,-0.15074581779854515,-0.07971687632830245,-0.2349935660690154,-0.0633717862921001,-0.10490006876952518,0.10359246539232722,0.25029961365292086,-0.08016730608739434,0.0649551302635242,-0.216632740301615,0.008635171918522144,-0.19646028870237137,0.03850434406705515,-0.03968307590904106,0.20506916408929363,0.049093308723363496,0.18419815324751745,-0.12543062689589632,0.13650970179608052,0.0673309021119283,0.1664601207912093,-0.16419413378714126,-0.23902846875460018,0.14396062307523758,0.12295217389933197,-0.07175213216710227,0.11259226625539207,-0.007947446302317387,-0.22255923002106848,0.2279354297482667,0.09460161722167303,-0.07279964668947914,-0.01320683567945366,-0.0650810740808787,0.07485834911107714,-0.02996034530940961,0.2320172071805141,-0.10632901664620148,0.06302014036379863,0.011493106137360844,0.02476560920911793,-0.03728589812406467,-0.03539154242497497,0.03481334013246071,-0.04881997094615294,-0.024518547316815763,0.028399513706586485,0.011250802008839732,-0.009324476544474512
34,0.10099520751218007,0.18845927286545303,-0.027529949122690214,0.06328085894270706,-0.10171609231830626,0.20780898836114048,0.14635556043444303,-0.2958674630677703,-0.132476185113692,0.18784958678061728,0.28845642539861555,-0.1765012309522443,0.15401324323180324,0.014399928643109398,0.06766299355729738,0.1460779751059252,-0.23286530483232265,0.10509640682786595,-0.06695990411530033,-0.09519904310564986,-0.010997239537392586,0.19304095399472854,0.3424946929200381,-0.07143641377775857,0.1920086545734193,0.16527922145927704,-0.19639830351778786,-0.007509865591866824,0.06853747206321859,-0.06961260545529899,0.2589993883318299,-0.1662671326326947,0.09163724049684213,-0.06590271019086394,-0.05368064544754205,-0.17160834344736514,0.07513061986183614,0.1176816561233616,-0.03943860980823996,-0.03548428767741139,0.039519906085398016,-0.08357344610518241,-0.0030279097203272723,0.08934194997631523,-0.1275285887239299,-0.06699026680044545,0.050951845993324196,0.008725137895067153,0.03415609180417359,-0.018420858903451805,0.00916231864724612,-0.09414603197551066,0.02985960137813201,-0.02712244356329733,0.042973938138582836,-0.03581027144021688,0.038014972158761665,-0.0027271218597898494,0.0022061293515365787,0.008535074201814624,0.012457431207387888,0.005626267385587455,-0.0006678900587742329,0.0055934943759091554
35,0.09270620959334429,0.1799259263644969,-0.1372731777694507,0.11536864438430143,-0.13961943191763448,0.23872214795534322,0.13735039753656808,-0.10791796023850024,0.15955532075720716,0.008199785148941225,0.4280800039675091,-0.015317076110485777,0.1389790279252892,-0.04012870452590584,0.2709170909268706,0.19170297902310132,0.02820607729656965,0.220406450774377,0.004382756765336653,0.23515907781134962,-0.061755871367987915,-0.14024816415664457,-0.14323114538261944,-0.0051025406885697455,0.010982003283206657,-0.1686074218067025,0.35631856327398403,0.027416170840386604,-0.05706356005947846,0.1230445686119774,-0.33025696706950447,0.05501905031764484,-0.0994947863477868,0.00879466917701141,0.05207949357875312,0.13363858709921617,0.006401823546018003,-0.03347970879705525,-0.02875664025564987,0.02370895360504173,-0.04244252323111573,0.035083198619678624,0.004223621869269556,-0.021340796801569962,0.034149477823305824,0.03284308294210486,-0.04644733045754288,0.023103453078822223,-0.029393873997869302,-0.0037315621849010883,-0.0023302901252770652,0.03146102031757694,-0.01568673228619666,8.177044818856449e-05,-0.010674576584077503,0.005634266749324504,-0.017379639225493446,-0.0039508672286780455,-0.007895139195005063,0.0015832233272527751,-0.003937116374802929,-0.010811709444219844,0.0014067872716184149,-0.002066655963874342
36,0.09450591468547996,0.176423586412826,-0.2087073221238966,0.14427211699227105,-0.0890441819641809,0.21116808894233136,0.07501907270359005,0.06776283277536571,0.3129321060319466,-0.13975138563970588,0.15095879350888708,0.11163046835598578,-0.08365075396575133,-0.014287140666274211,0.051260350071911084,-0.09148482979478918,0.22548410164274527,-0.10818445369407834,0.04695133766781415,0.11019513210518944,0.07993685243527501,-0.14693079141490367,-0.22803698126703129,0.08808839455282988,-0.20040514633862144,0.018630706155469856,-0.29572990320799686,0.0005643509781302,0.1013713266386117,-0.2741528276202038,0.3133726260555595,0.13649938072122203,0.11013417800690123,-0.02400048263624084,-0.05939974792454619,-0.23007018976416513,-0.22552463784664037,0.02121402946498624,-0.01257639528167917,-0.05123660084503376,0.0709084574152227,-0.0520739830081544,-0.007527459478697818,-0.034686263796168515,0.04089070951972744,-0.032670341207437156,0.05216608763926725,-0.06069011350920553,0.07054288269407889,0.03667651676078827,0.0016846503022229387,-0.017394651269530617,0.02699964275332857,-0.0006181122596203015,0.07659255430479095,0.10711159010171785,0.0007886822629302875,-0.02758329480518462,-0.006107011443920007,0.004483871044813681,0.009511070858724824,0.0018923209547365687,-0.0019054107901177592,-0.006168237462716136
37,0.11172726212383992,0.13087600444747066,-0.2092618273649745,0.19057167605135863,0.10165270932748745,0.12936749235321712,-0.02905381910870962,0.1894640853635033,0.15844058283700052,-0.044200048171304074,0.06984474458889882,0.02666758087956697,-0.023744614418907548,0.01451215017222901,0.05380098251027028,-0.16219445390181453,0.11021102206648276,-0.20979328378306003,0.09262565852018483,-0.27564279687610044,-0.06132876362252326,-0.20569192932822275,0.26562045538871015,-0.15262769550875818,-0.11509242076587065,-0.016288498106221544,-0.10919413631919965,-0.10405615913536492,-0.1157603861620927,0.1300945462489282,-0.009451256165860705,-0.18392098889729638,0.011504005133724925,0.038321944167708406,-0.018532613914795812,0.11475626372483262,0.22219662201678145,-0.07446090107472968,0.04854725924199604,0.029014955674177334,0.02481385567071344,0.11350641557367488,-0.004723137329292054,0.10997939462815157,-0.052952072501904396,0.11212569089711201,-0.036430042550500454,0.05183296530406081,-0.10371898346802937,-0.060111549486181706,0.05167260867200903,0.01700772048667141,-0.027165161383311306,-0.010841449939131859,-0.2626422739989964,-0.40500788893985956,0.03402870444142181,0.09587847338737204,-0.0029262707821692963,-0.02449943643613937,-0.03516100218644087,-0.013137395748235811,-0.0025931086451971286,0.029963980303320658
38,0.12067208715489108,0.07507071489957527,-0.1697996916099214,0.18347877057175274,0.22860714903996932,0.0465647756289648,-0.06866435229787053,0.2667899775041762,-0.06287476876567327,0.13111501813761747,0.027414492901242947,-0.08458069786052493,0.05017934019413259,-0.01788226301677987,-0.02238471890398297,-0.09131539346813687,0.10441539351291108,0.024276245330155398,0.11236156219081966,-0.19437928241020141,-0.10261724854265597,0.012947896744721783,0.1354137894793939,-0.12011423946839975,-0.06564833578035704,-0.021593649332316382,0.06202737856577316,-0.010735754728022476,-0.03115896048508847,0.07279914461690984,-0.06941873465832919,-0.18406990218528865,0.0036113973376283443,0.060543307502480104,0.023431508889988267,0.1278070947599411,0.12553239809288974,-0.020974374385724068,-0.054914834351983646,-0.06395051005949186,0.07152314856232682,-0.08732962477251431,-0.008549645264968448,-0.061558961990596156,0.02990518811156012,-0.024916723898347315,0.06319385378574427,-0.10496335579145995,0.16713444761861063,0.10493842409267909,-0.12978490941866117,-0.019863986441245374,0.035942662099396575,0.044349980153086964,0.3281760764409158,0.5722747298199062,-0.04358173695199999,-0.1001148753419756,-0.00293593357074054,0.03534786776279693,0.03528886530924733,0.016496696438940764,0.005990371261010763,-0.028527002984411146
39,0.11354562627540804,0.03846374859348966,-0.13286426549530284,0.15158197329759915,0.26247961848983103,0.015288298695168479,-0.052179345479204116,0.333275453902945,-0.20271563902756756,0.28478129100183736,0.0469365941206192,-0.12975049259713953,0.11095880176508878,-0.028353255147662734,-0.14369771853371546,0.04174709965621907,0.17283593296829808,0.2759422274578246,0.09675745705878523,-0.0663207829647534,-0.08157964358392256,0.2633897842437916,-0.22514901460305498,0.07698836425954728,-0.011223693994203907,0.030181236285100593,0.11481367678689842,0.10405430087086584,0.15963028690950207,-0.18578784557513398,0.05518459401416375,0.09218099064815383,0.05430286145643362,0.06770821224768989,0.06536580645934577,-0.004850544049061434,-0.15643294706579813,0.1524970386571391,-0.07114979034352506,0.062272986815372584,-0.13320627232763793,-0.07397404252644674,-0.02504911996041967,-0.0586259247556081,-0.01290900323939867,-0.09414456333818155,-0.01692269669041918,0.0655666965089006,-0.08203717570365046,-0.04921361129409979,0.06668386403977841,0.033572195167674554,0.00885687560263438,-0.013147343319644067,-0.16181071939177183,-0.2875009731389741,0.02476278881702846,0.028205270600105248,0.0035301427283825626,-0.02834212733270551,-0.02578272716964744,-0.008707562250239886,-0.004810038427330965,0.01109785928315321
40,0.11162973765424583,0.10581001713781392,0.2757184304114179,0.05243385120899518,0.24075610683535228,0.0631150516999963,0.05493593759351558,-0.05285132768491081,0.11748910760191049,-0.07125649146034173,-0.11096088272814554,0.04197120435834058,0.12250502810987098,0.0010985706852977611,-0.041386516118878884,-0.06698836039028605,0.10425898949096982,0.02639731649006405,-0.0005689415959515276,0.1624806899789806,-0.002538669731467008,-0.07018649585365073,0.07019778863698041,-0.030091007864149755,0.11173940829599308,0.02722384303097523,0.15558151539661919,0.025210319389989633,0.02767393023566936,-0.05435748374600101,0.030773750611602424,-0.09338119140085863,0.03427831771515405,-0.12648072712986552,-0.1325992819537731,-0.18291309870976552,0.16715350764925663,0.1906130428498411,-0.01863967839571047,0.091787180100036,0.06700807921623846,0.006836825693545743,-0.02524979019221671,-0.076221488774963,0.11899725911534226,0.02927333735255571,-0.011784074549103803,-0.06185917481941983,-0.010101026819001713,0.0057831531351639764,-0.01204727420535866,0.20586035062885819,0.010427479911280232,0.10461532435032297,-0.1861978980319221,0.0942047045668952,-0.03207811510828722,0.004470472824617419,0.09338974524854088,-0.4910573086886507,0.022695124819947718,0.39127809368631994,-0.018701609084868287,-0.04593204481825992
41,0.11633540192087026,0.17618293511404495,0.20283218151654311,-0.01104138127134171,0.07058685249382944,0.0983677190537807,0.08628351761411952,-0.11228022646603415,-0.12405500817137101,0.08358041379271386,-0.0678793312149546,-0.04964706209243426,0.029118319304004558,0.027215330830207458,0.0005356108292475662,-0.13575791314811572,-0.03502826121993642,-0.1765667446457369,0.010706213535175299,-0.10708715613864513,0.06375527842132221,-0.08953338235045884,-0.16330383875858206,0.07875855552794273,-0.018996692373345676,-0.0365626801908367,-0.0082711792042812,-0.03803404183393802,0.02575841889820793,-0.2024254945143576,-0.23644803862747835,0.06419311653691008,0.09271803393295693,-0.019721087177098327,-0.04852574660586119,0.015893441026168603,0.12179604888034688,-0.05665611636128397,-0.28371590586773254,-0.4428205880121002,-0.24579544755504096,0.09420880155361691,0.15479664562548925,0.085810207433979,0.04686665557931238,-0.04197445377780587,0.050392072924595244,0.031804930941397136,0.034041679138899224,-0.08717504081978916,-0.020902655526610407,-0.25576924480027474,0.18936909053712894,0.0603264534600942,-0.26147677985472056,0.12075993209126523,-0.09261067951746643,0.0874509353815458,-0.03393236369683128,0.07157541368372834,0.001525688599403073,-0.042581831825858854,-0.012856057942340932,0.016576008808290466
42,0.10240224438900958,0.21883728785510256,0.047314298533437917,-0.05803946759125277,-0.1741415840296535,0.08548133657107244,0.08834997694392194,-0.10881983197235096,-0.31027348963927165,0.16807917694837024,-0.09881844506455717,-0.07426190883901665,-0.20961815916562238,-0.004493004832326205,-0.11272807821462401,-0.07528999164228745,0.007468476712216103,-0.06386014801056401,0.09498682741514063,-0.10535842234105433,-0.025154332152810377,-0.29324551832341744,-0.0007230397332620014,-0.008970269673226845,-0.029798876259177775,-0.04024169460553048,0.09094872571068092,-0.11138744524238224,0.013688212920748372,-0.3044497162623958,-0.1418829494982105,0.3275149905978191,-0.014250026391558979,0.09131190697096647,0.07753604254986568,0.0821138245556051,0.15900470444961234,0.16359317218869748,0.16979865034363226,0.24052668107277014,0.3392540876235517,-0.12338452837125467,-0.1038612117061604,0.0347083522885216,-0.06495043246572688,0.028610711005354922,0.004953094440938444,-0.029151681594180634,-0.003914534566378157,0.0034208234712060914,0.03230919277524573,0.03609608836875397,-0.039240696511356275,-0.02947137710490966,0.08165183474796907,-0.025606922882339032,0.02836777576587806,-0.02873504872239668,-0.006165002194082489,-0.006403343437691724,-0.003921011855435225,0.006056032953725161,0.0006470387195721128,-0.008034798533938042
43,0.09123433135731623,0.21019717512085284,-0.06970833526756941,0.002845613590275689,-0.22005078484124416,0.16481789724525048,0.12589188858680647,-0.10473647948557276,-0.18071618618430224,0.07376128518711123,-0.1905659170449668,0.03279960449681341,-0.3489928990810859,-0.005079832041368356,-0.450910119279842,-0.029637341332714093,0.1717120511111793,0.17541319694119026,0.07767564637046546,0.20013669834182377,-0.08139072151825961,-0.0864384542781075,0.11950147841073315,-0.07215554440117583,-0.05830295454549482,-0.06772423633658055,0.10316127463686439,0.05300110517313159,-0.06016172505486915,0.3147115510673831,0.15246563146477898,-0.1746746501104851,-0.010655383651432905,-0.058621245581178316,-0.021167471942778723,-0.048763496345127846,-0.19407046768198916,-0.11134279364485969,-0.07233993571737396,-0.0617757014185131,-0.20030728869453038,0.09275977638987665,0.026299190378693327,-0.020990252775697354,-0.01804839061005553,-0.028833530559809,-0.013765756840671634,0.02431861343765453,0.002900287691389558,-0.007342056387509455,-0.007848144855442388,0.026681222298583357,0.008104674057574104,0.030884875948703566,-0.033094924040973944,0.017659280570259298,-0.002286560058384344,0.0177485697771854,0.0015427427830559184,-0.0011463496054087696,-0.0012934001643548146,-0.0055862104371819515,-0.00226764824057768,0.004354869199163336
44,0.10232125729702546,0.1831309371848997,-0.1765040918212896,0.09197687201385499,-0.1261022883580995,0.16363401487806048,0.03416938969637121,-0.013511418887474157,0.19087203582557816,-0.14984584578679272,-0.2395844847293974,0.18112578535714194,-0.17113589341462343,0.010781406298923591,-0.14988275768386872,0.0810067762270215,-0.0017101373946994004,0.023627258537823284,-0.08811308476058152,-0.020012163221926376,0.09614931679699308,0.4453278266614093,-0.22580472922523243,0.11779180224788094,0.2622232676856659,0.2056677091481034,-0.07653279514126182,0.08082982169044181,0.028401052269803467,0.03039266577492454,-0.17503816321090843,-0.08683442525508339,-0.10042952891508539,0.10114053014461226,0.013261027220273648,0.18268185524016214,0.29914186933942,0.06469209189106934,0.02417246183076946,-0.04850912460288122,0.1564969093193818,-0.07810667788666903,0.02100242435943466,-0.00451335666878208,0.08361666080932538,0.07441984258550306,0.0016111422842005202,-0.0928560254539699,0.044801322472738075,0.03327893379623387,-0.02462996494527444,-0.0833570153884252,-0.025336041768426458,-0.05302690729392642,-0.012511241937822007,-0.0538195509230828,0.01625181785591881,0.0012458971479909903,0.007818062454625487,-0.004357827619425159,0.00874334637114154,-0.0008809571610106847,-0.005389006307604791,0.0030294398045690174
45,0.11796071161593258,0.14185030385642777,-0.20605188619051262,0.1266593606575282,0.07571219280465938,0.06354505055329658,-0.07401789767111253,0.04147586007470008,0.12625297757129886,-0.13677530139550453,-0.17192465937327803,0.062496006679012645,-0.09989703960991649,0.026749746408550826,0.03588942008151888,0.0054443475108058555,-0.2564816629069106,-0.2091859305202815,-0.12248114760834583,-0.12766299466417663,0.06334673860078761,0.009798245927987018,0.13474429166059523,0.010287590855415503,0.2311712422184961,0.033745254384029436,0.1693787262546272,-0.007966275335785339,-0.008306923232344943,-0.03209177472899469,-0.039258918534009896,0.24048195339035383,0.01780211366203928,-0.10567314942856779,0.11239783088151406,-0.06851168548515849,-0.15521019900238978,0.13567219499788571,-0.01253276235085471,0.19943743999122238,-0.3597791945969502,0.08925900460998969,-0.04540559051696064,0.034505585164809546,-0.17693318702602748,-0.16786630683156437,-0.081431959571431,0.25044295249128606,-0.21084113680399189,-0.11420434691441715,0.05896997464520751,0.08608869398636818,-0.011205572471865557,0.03296834382527637,0.09670917151645694,0.19975878666177688,-0.046115376341256106,-0.0312161121458282,0.014207430454140232,0.011959299952904318,0.01037324684820809,0.007568861650056505,0.0033443771960608715,-0.011897591611610109
46,0.1263092735643833,0.07879597560458013,-0.1875064686498387,0.09080776908154872,0.22028908962612329,-0.051364820680873204,-0.10673223047138786,0.07512162171587183,-0.08579053277136768,0.0013928889407147757,-0.06369738286241154,-0.07072314220739342,-0.09642477614941349,-0.002703834086574981,0.06399356057549786,-0.002503110580410547,-0.2566973510131372,-0.0978182812418287,-0.07771657974350585,0.12981687001509454,0.028738830715736,-0.13201181765090245,0.15339198989872807,0.04033305491637335,0.20772675548155936,0.02871716077303308,0.10892478969422359,0.037924915521311726,-0.07977654804393403,0.1334681614871681,-0.06103868414565205,0.22784902842108265,-0.09209190580322497,-0.14030836551685139,-0.058403663611771156,-0.17041800609691815,-0.20601250954722278,-0.16191562287094433,-0.00577959299380306,-0.18425901201237882,0.20669237158030596,-0.1881018755758247,0.11712148732605125,-0.2505248221377055,0.14060781367361833,-0.04522728442333329,0.12077314748404935,-0.2365680766141408,0.24959648281391938,0.10759168428889584,-0.018726696814262173,-0.07236232474824099,0.012490208272401632,0.017035806756854704,-0.061598600629297166,-0.23887207314820405,0.060883600108132346,0.034496106995520595,-0.030050753727101143,0.021845926107027028,-0.013495335316568158,-0.005351021537411349,0.008935431731887005,0.000711693842953956
47,0.12771493554197502,0.03564654045955375,-0.15692621979741267,0.05760882071481619,0.2461769231195458,-0.0690997955887364,-0.04002069747796579,0.13405738180891535,-0.25625587133113664,0.08079870880435004,0.026853188848451167,-0.06372761988324609,-0.048609120040025836,0.020253175044813016,0.0008376083953897014,0.07041360989209879,-0.11455466508203971,0.09098139538880676,-0.08888679027372434,0.3683288539640839,0.06560490359342566,-0.08837006392112345,-0.17025012705936207,0.1199220567415889,0.08414909179226276,0.01992213729412006,-0.2908981116192847,-0.04147504325977895,-0.02705029356134267,0.035509389065464386,-0.04364935518756993,0.004371808095285203,-0.002107685318147118,-0.12392006912212171,-0.12849367729266584,-0.10078176549453233,0.15561079585349213,-0.20236237836787277,0.19840474171507316,0.013160667056550626,0.07721987852299955,0.28833424790646545,-0.06498717632959682,0.336572128739349,-0.05155284264224401,0.2214326468149423,-0.09753913470457473,0.10346306528267624,-0.12447949681631504,-0.046818328350762765,0.013931753019582369,-0.009591566814763967,-0.017664515328767963,-0.043739321339323844,0.04591646050310482,0.12325806845836607,-0.04589049641323551,-0.012372959243893783,0.02690153133655676,-0.012232191876821275,0.01847322184491286,0.01705453350242815,-0.010673690602958162,-0.0028527976857153914
48,0.11211118353052897,0.1123215771849213,0.2882184586351725,0.011268427184369663,0.2105248396031382,0.03279676905642516,0.029803268960237363,0.003210516877971688,0.13708579968227833,-0.07502032924076547,-0.07181340362466508,0.06324490491170555,0.011473866553280946,-0.00896681231921498,-0.013011949300002828,0.0542430705200408,0.07946286539517676,0.16880337619740074,0.027330192711950266,0.0980197762994469,-0.060768628360377205,-0.1008121272271418,0.17891581566524084,-0.027669659648719105,0.1774407653608519,0.089835157061709,0.02527673827541469,-0.04181346924034261,0.12192891073243367,-0.1645268312251915,0.06908578341637325,-0.04443527396079315,0.042504006524806945,0.007964470799501189,-0.028814925847033122,-0.03540209234004841,0.07296194503946725,0.025649244806153673,0.0710126248039889,0.12873376059589645,-0.034413851252026485,0.11410222382621023,-0.028992778070192855,-0.1661208551318678,0.27678085936392255,0.1334205175359011,-0.10407919289568023,0.016574311394543212,-0.013982637435006218,0.026248285204226313,-0.08945785893311003,0.09286898099411747,-0.06882728361942819,0.10439940084133863,-0.011780005524360766,-0.0036500947591298944,-0.07566956419652933,0.036814464809557496,-0.09748495296810356,0.4968877401242501,-0.0694930908125535,-0.37830873113492636,0.030233952561508487,0.02550086552002015
49,0.11708949686400982,0.16287724616639548,0.2521978453637147,-0.06651664520956191,0.08515234146725519,0.006509263223966305,0.021312555924997832,0.0510393876509927,0.02345377352986042,-0.009942505972339241,-0.03472145113741124,0.020370501685618263,-0.09302971805134826,-0.012732785923490541,0.09646573991405562,0.02036279012559437,-0.019963250784566892,0.018805949003998776,0.025347454732682673,-0.09483916360474076,-0.018003294400800254,-0.12917821699639032,-0.09369812974777667,0.06666677344255317,0.07053915094781649,0.02374281427036386,-0.03389808459124695,0.014429124029101726,0.024406861025379745,-0.10225130484813276,-0.07991822729216601,-0.1738384867260998,0.032972892083147645,-0.04624183439256104,-0.062348311742616805,0.06366562997250423,-0.03789483435304649,-0.11897614499922711,-0.09459074997416993,-0.24572510865404967,-0.1899733757127841,-0.07340195809531129,0.0347931289526196,0.031140075574592488,-0.07891331263234981,0.008552346837067237,-0.0093239034440716,0.048017199176926595,-0.051557315198440354,0.1600315259280586,0.049913835771618266,0.22957329420281028,-0.23534606978822037,-0.2369948033711088,0.5173281262282396,-0.29537134296729767,0.17535912600047457,-0.14519918129747056,0.04115762661877298,-0.09999243964048943,0.03931764557166291,0.04102859693275653,0.015749142071972387,-0.008045145591447922
50,0.10759556248922825,0.19522964111787777,0.10137205728214213,-0.14688504684941742,-0.16544837117262892,-0.04602292606505568,0.0024472752539843163,0.163668179818292,-0.16615886812749256,0.05259731427537961,-0.04240107468327089,-0.01130234818534044,-0.07201260090710211,-0.07377605265899452,0.37630730355009434,-0.024019895234378724,0.0010423844375463038,-0.15302226432482816,0.09767555822401827,-0.14391713299649056,0.06136579019562817,-0.06408720580939786,-0.24838909297288886,0.12250650050514128,0.19630012202069252,0.08864977319839336,0.07385940162324767,0.06058088099840565,0.041933524418360416,0.05763498918818521,0.05182572828673347,-0.47711295226754136,-0.04928335788029553,-0.043039616332336904,-0.04178352949096824,-0.010911449594722566,-0.2682249604465754,-0.07239407406231095,0.20404375289542379,0.1993629184473599,0.06698565139788357,-0.06662198640552942,-0.03283169358097996,-0.05360084695987964,-0.024270247377916165,-0.05743705344381605,-0.016341041656744743,0.012037155920165826,0.014576067010329513,-0.06237897698154283,-0.013240788157437372,-0.04270031565594913,0.06948160262158172,0.08042761512241992,-0.1828654437385619,0.09597170375586386,-0.04754708345122594,0.05547135310837112,-0.002226853510460593,0.024177598234411818,0.004466907483208667,-0.0026038930830402304,0.0002237184542559223,-0.0002807675771879514
51,0.09668652386839242,0.18819270240157068,-0.014920955171802846,-0.12060917713387817,-0.25309251545615424,-0.07940853538347371,-0.020300248319470415,0.1877509706901932,-0.16643738959555116,0.0028129254453849954,-0.3063317405457994,0.04358729138829273,0.23868520020535333,-0.03576565001879682,0.44669495137876264,-0.023766868290357093,0.2600467167153959,0.027075777053366952,0.11546867386940055,0.19084004881633349,0.026165343120832033,0.09674520143606732,0.17354152455667063,-0.0642482136936688,0.03769953874186364,0.07326773115429386,-0.05879500901725129,0.024235057493707822,-0.05508486871773119,0.17692990305445053,0.1756435211908825,0.3037747498517194,-0.005129009041326571,0.06869811363175195,0.12278597093712973,0.0013450827790852105,0.1161026363469525,0.11211138266997706,-0.18337952354614667,-0.09241768676021708,-0.05433591191391211,0.11178790158341559,0.02068381389598641,0.06975498017084975,0.004215474511651098,0.06205171523090462,0.009059716964489761,-0.033690769453210284,0.021648345479296047,0.028197714845768142,-0.034837733934167,0.021369306859910814,-0.0020778923964720752,-0.027070163155258065,0.052501562702908455,-0.03332471337785246,0.013744416448977392,-0.01630798293673083,0.00473948763000903,-0.006686927363194567,0.0019847305023852346,0.0017404999203639027,-0.000685171671678475,0.0020910165439628065
52,0.11064999987249671,0.18069551869813918,-0.11236080962276082,-0.04634571060793013,-0.15683889334889878,-0.04689242251899431,-0.08914986157018341,-0.0014282825092250446,0.022274985063549975,-0.10783461066903724,-0.35145281282500884,0.03952757495236666,0.3463972946241379,0.08447266783197555,-0.014913938256432968,0.17242470964353568,-0.06471239196964436,0.22269929062581692,-0.05860082300955152,-0.06109946600335624,-0.14271052369267453,0.05242992211822106,0.08357724286926366,-0.06767651165199035,-0.2988123344904792,-0.1884081157033082,-0.15215620690259085,-0.058837070593736426,-0.028401813529814357,-0.1471674885654021,-0.27042790868605926,-0.07723093182536907,0.09141868494881275,-0.13570776775555554,-0.24018049851475298,-0.1189842628584878,-0.051918244101657615,-0.17200599974351072,0.17302623551569013,0.010567569112669171,0.035769110001850096,-0.16213318040718236,0.008288742015450767,-0.1493654586385253,0.005115712311583601,-0.12761118982107594,-0.018920714455755896,0.0744659939879154,-0.10867433422120974,-0.04536332897180275,0.08997727781965673,-0.05844257147941477,-0.040463950814006305,-0.0025099098771576983,-0.02858358439622761,0.023145860617775738,-0.02211341067773751,0.01859098294378414,-0.006326990336755628,0.0003932873580705931,-0.014155633137541566,-0.002447899664782597,0.007951275064449148,-0.008987160061763005
53,0.12728245901507199,0.12879184561463697,-0.15102547195835395,-0.0214346920325542,0.03389642477523723,-0.10409939585419938,-0.14369138403643583,-0.17083582716803772,0.03634525463651003,-0.12973624959415395,-0.17861512556455014,-0.027575196545121267,0.10157501425441547,0.01628516958817006,-0.008291538884249217,0.13556705359342366,-0.25288519235499884,0.06553161871608609,-0.07167108977077923,-0.1324079707895554,-0.03613490265521123,-0.015253515684445391,-0.12082445640052558,0.00777733823831625,-0.1682683012209222,-0.17728502409354358,0.27124933918790156,-0.051739222900639564,0.13291791450533583,-0.13763003920696865,0.2600264401914659,-0.12226615244168842,0.03845777851180131,0.11264651593677882,0.10623324190427208,0.08242531347006762,-0.07956787208933529,0.015011479314869874,-0.0342260368236438,0.012450612329710294,0.0096119078794694,0.27292753930918384,-0.04608992309961049,0.27616094249125706,0.0056683426974838,0.2155162093874287,0.11315811245307128,-0.1588702129009163,0.26041877579832723,0.10967077447252196,-0.14730688216140556,0.12923392976762643,0.1689048340285948,0.06263685554874825,0.010954975065064033,-0.10197896438677748,0.0171255201769235,-0.005132759488259017,-0.00569738753844401,-0.0230519084503249,-0.010257827147810428,0.005216816674155203,-0.006976627902542332,0.009537053329693138
54,0.1323143941004489,0.05923525270136821,-0.15312747657298484,-0.04493369853946352,0.15406088720750521,-0.16961937173868982,-0.12933974154041958,-0.21539536181786934,-0.05165487031137574,-0.07127145954120827,-0.021775496149883635,-0.047839941690866486,-0.09925437766506456,-0.0616421555299037,0.09286025679955437,0.015281971322673287,-0.12198205593536503,-0.03736917458116408,0.01932482367048998,0.12895831922603732,0.032262064450360305,-0.05877258117503875,-0.05548556371185171,-0.0453874588237661,-0.1613552705634222,-0.042388318667989595,0.11182714878188278,-0.006529408432071528,0.08581446465976089,0.014819954865402062,0.27752568958683155,-0.13378546359227708,-0.042333904705252445,0.16966439100645905,0.0479096424739672,0.11768473727684992,0.06203367729760436,0.1233566848305378,-0.2112106873752001,-0.187200168902615,0.1839736613599217,-0.18615703387802746,0.025228007981177192,-0.20012950362895002,0.05842564928040657,0.06321761515958524,-0.24037941076074545,0.1390566230293536,-0.31280586095795754,-0.13061703760204488,0.09663864834764856,-0.14169156397374472,-0.3087651702730923,-0.13110035760332658,-0.08512393834588222,0.11818524733423103,-0.027110435250386,0.014468351617316674,-0.002782779849256012,-0.015062740721164421,0.016053528621846176,-0.02029408811610934,0.0017355814307345035,-0.00019827106962135022
55,0.13613443692823396,0.01612849591496831,-0.1268366106856512,-0.07925318798697611,0.17103209456168464,-0.14038045601071358,-0.01437757039491795,-0.15717011245074305,-0.13047903543801825,-0.04412253275314757,0.03497770141897187,0.04734405353812846,-0.14249478411572514,-0.031925346658645944,0.1170513784775191,0.045077378464530846,0.0004068800821057086,-0.08451395997177205,-0.12354658107454289,0.315295467952586,-0.02848868281291977,-0.07510295723122426,-0.009381928725755315,-0.023788967450052538,-0.21446211545847896,0.07681141289523107,-0.2620500892459508,0.03642836364931393,-0.07222178990794956,-0.032649708343183356,-0.13858713965088237,-0.18235088403250968,0.013959256641250417,0.14356867873831905,0.08174257856492048,0.12414479518587596,0.17577103781948428,0.22936907480371352,0.0061926396601626466,0.20690673579807894,-0.32390060809097354,-0.12966220725168687,-0.019740096211013178,-0.13575319077126416,-0.028786394517283993,-0.2693575486103998,0.1761677641370486,-0.07350175246146445,0.11904240777537103,0.07440200106409504,-0.015448271771253436,0.10874833356849345,0.20497302861052202,0.08781196597798063,-0.0032512417199805216,-0.09534125024271697,0.055783132443009406,-0.0033186321485452544,-0.025499511238217754,0.026559805409870962,-0.018229672858129237,-0.026125049454232142,0.013016823545108417,0.006726831884112751
56,0.11626506063822503,0.11360501139806027,0.2747420543925429,-0.026149562958465853,0.16651800365728026,-0.01697771997617744,-0.010733942507439097,0.05562876222036013,0.14060873737808796,-0.09900033405557429,0.021301304696206093,0.06877226240339017,-0.10013091147311087,-0.008746447883855679,0.012474177793011763,0.12863262583020182,-0.019072097512984297,0.21259843113581317,0.03186798959565602,0.015120389789587201,-0.06371558106214682,-0.043388870650977206,0.13690885953517112,-0.04550734558247435,0.015457579717837552,0.03217962854842056,-0.12541702897553994,-0.055103326924605824,0.04617628198718672,0.005833609235826105,0.07047580142241,0.12552212699130288,-0.05511564557874917,0.2159832235728906,0.21449274890150785,0.2241834720334902,-0.16063632011780687,-0.19708682243036618,0.12320613218547083,0.10601442677781729,-0.0171476156378655,0.045848311518987245,-0.041197281095927046,-0.040134316759844545,-0.027307737723318883,-0.02022638132558327,0.021774365252637984,0.09401982020436783,0.06802940481568905,-0.1175318129322266,0.022323283128259597,-0.5465750450331244,0.18373179153466418,-0.05142565650252637,0.0575092841521979,-0.016729535749048424,0.0707237470363292,-0.03647987596007768,0.09126026131623569,-0.18519416305397274,0.03955187042861781,0.1596417234102559,-0.03514039578066634,-0.004891557608281971
57,0.11305276746083213,0.14418725420797315,0.25324435732442535,-0.09164545784679676,0.0791855840882098,-0.05549319972089122,-0.023801408895684228,0.14427250068374822,0.1162279296126396,-0.0606450327549344,0.11695167799886083,0.04979626949669893,-0.2311933162499919,-0.028990802436581153,0.025959703859555268,0.19523786087429987,-0.11164423700776563,0.18015530907652064,-0.0032699214184403465,-0.09436508112036564,-0.04236195887966584,0.09910552225021063,0.018932237910937184,-0.03947039437241062,-0.10913712407124926,-0.02630976438836971,-0.1452312066247719,0.001327856660460723,-0.07825665514241152,0.11343348060744317,0.02299786393366261,0.17036466721722637,-0.05665158098400562,0.055199838925611006,0.08507911126145765,0.03311833612820021,-0.040530749308450686,-0.0506143197062782,-0.029994507895410943,-0.15984949507633106,0.13376309023072838,-0.172637494734034,0.043682538163526886,0.20068706610729362,-0.2964917950317085,-0.10779435054580025,0.09128184896193113,-0.12529423943042473,-0.04332647894680315,0.023787021969091757,0.0625112651904747,0.39696081566254243,-0.0774854443222157,0.08354279402797146,-0.2934173961240188,0.17672509923179824,-0.13576892936291557,0.07697680977366389,-0.0654172299006302,0.0533718858595477,-0.037183519708767036,-0.034438033534578305,0.012298569185507438,-0.0007692133763683162
58,0.10653002280436452,0.17413993994704519,0.14766817862123163,-0.16568936860862307,-0.10413298199405105,-0.12292543926072311,-0.0749785441345877,0.2439611971581112,0.013020086101505237,0.02256422338301927,0.24601269655700272,-0.0029008638812093256,-0.2747590581341187,-0.032873275294944194,-0.013049440711896546,0.09498159223392888,-0.17671211576977058,-0.05113183266720736,-0.07185367393675937,-0.1574115445540899,0.0026330694744506654,0.1955586815334504,-0.07476955313247041,-0.09529864885116329,-0.2659346143592858,-0.13172249644110395,0.01803002785880194,0.05985793499471407,-0.10723189370770364,0.1583518676304947,-0.036019065052509486,0.07688812387446736,0.07277046774769105,-0.17610464665277736,-0.1475436977190897,-0.2540054343235032,0.14091908780615187,0.255928221452608,-0.11200362648643052,0.125429450732011,-0.014299153884602983,0.1639522776844867,-0.029395294102246172,-0.10837592235576374,0.2667639889027898,0.10985096459369326,-0.08027418186890181,0.030680943238420806,0.02148253678890885,-0.011935811992302297,-0.048857976139303816,-0.16393864752350534,0.05111165920124153,-0.0055184999133753125,0.11149936980869932,-0.05692897737009195,0.04870832303581097,-0.03372408518650111,0.00823056827722024,-0.012804440679418008,0.0008499684513234573,-0.0024183514556475882,-0.0076082466175514535,0.001401292119031644
59,0.09836124288484765,0.1741933955212714,0.0377939642251352,-0.1778190140587082,-0.21140745713787182,-0.1670174642439111,-0.09785259669382042,0.2772947953262717,0.060732763161597134,0.0023377220940369934,0.26128210944608415,-0.051885761720689386,0.09649045984721634,0.018656906223788357,-0.23171224389484574,-0.16764303766630995,0.015419599759676337,-0.269408539863775,-0.19376134061951258,0.33279902681062595,0.07679137785379019,0.1975266233197839,0.21930912062389496,0.015651811614326532,0.009518748006216222,-0.04796431400500353,0.244123852611808,-0.09004819480843013,0.17676854298407244,-0.23254593572620097,0.05527751093143309,-0.058181019247933494,0.004490260740173828,0.0888953729660251,-0.011567415354271138,0.10581822613314444,0.09988736515081668,-0.2170146896780866,0.13723125086446286,-0.05410667242701054,-0.0460710755405407,-0.012218008711679634,0.03828308414371498,-0.016982378491410488,-0.08979366346883738,-0.06686199902098411,0.06117709139925842,-0.006940491636559007,-0.00595455267368078,0.03371762144437013,0.03534275873943775,0.02044566336732559,-0.042643808691886484,-0.031179484183714502,-0.01947115786475552,0.00852838804940956,-0.00932881351649864,0.025210418990056327,0.00751908304589588,-0.00013332026963691623,-0.008925543947560843,0.010907304918422109,0.0007669828731698622,0.006271920908987011
60,0.1139911020346396,0.1527137403867589,-0.030361626350052632,-0.15353455183188844,-0.13394085691720048,-0.208802757474847,-0.15609114470505672,0.044657412178831,0.09857455943851419,-0.05686010035724504,0.1387955505418414,-0.10030977116439933,0.3156605510441209,0.09025385831098236,-0.3396405045451835,-0.10604604215611517,-0.002040447682565223,0.03679202448808974,-0.11296762477931097,-0.032256068070276644,-0.08031714075182822,-0.27289541162307085,-0.04961274276010881,0.07664544865327572,0.19605770543012135,0.16129953880895986,-0.2506932595231357,0.07525306902208048,-0.14394068800396406,0.10195880196878954,-0.13114622446203086,-0.047398996699828624,-0.04604106093922711,-0.008071394511565935,0.1505080251299638,0.12208039349509064,-0.23034684867226807,0.24887309334957267,-0.21690793525772983,-0.01722100166707723,0.11690092949302576,-0.06069487597762935,-0.01791508618890393,0.07853825842175646,0.09306825511387887,0.08955399546174642,-0.10678825746111655,0.04673559052593362,-0.025079905606231634,-0.07640306888793129,-0.04871664689321528,0.057863814920219414,0.08632650165760004,0.08870704985792743,0.03021843364310617,-0.007000265666063307,-0.0075584126082691785,-0.03854327050636755,-0.00617383270935472,-0.01035340489550931,0.0058489186201988175,-0.012826751875050621,0.005838577246513377,-0.009844018984826706
61,0.12585419716803345,0.09663601991781669,-0.08410621213689198,-0.1330100568486787,0.005276689345442672,-0.23524556821422882,-0.189069398611046,-0.21994159368709215,0.09956987263127826,-0.03584530276484224,0.11628274400111106,-0.10170214376094541,0.10478321764182538,0.004610105711755054,-0.11300890665640743,-0.05953021338948596,0.1562249304016507,0.14306062430003041,0.14342706731931196,-0.23747646556853982,0.028284257432551033,-0.14725120821852433,-0.21051763252735434,0.03311594689612504,0.14110719263854077,0.09271451323136168,0.03882432504068546,0.03966110002518276,0.007210707935407838,0.15801360023369093,0.12824494894791577,0.15579794083413587,-0.06751118465061523,-0.035688267896116704,-0.05787583272786251,-0.16879453087880944,0.2975704118716757,-0.1180018664609737,0.16755022550459991,0.10209084935640234,-0.23684664128942973,0.08582704208241543,0.02057603898074581,-0.107031587031585,-0.11856385786370319,-0.1287170858683476,0.1680309554489679,-0.11463689342600282,0.06945830062914979,0.12081889379618957,0.059118143263201584,-0.11403266337196215,-0.21367634530559526,-0.18327985522792112,-0.08924482924271177,0.08175347020799639,0.01301358773689519,0.050556656199008454,-0.00024086911008935896,0.041295511528106836,0.0210486435521295,0.013874252085078784,-0.006278807363420638,0.014701427502212372
62,0.12990795688691895,0.02894315990068669,-0.1111791938215023,-0.12862224294624622,0.09566370540868276,-0.2024663208054531,-0.14601661589013984,-0.3084575769969591,0.09564931918480177,0.04146231178149671,0.08211275147044343,-0.00842018297447305,-0.13755758275455912,-0.07149640653116944,0.0703448842259306,-0.09425073220489541,0.27187270187537593,0.03548383185947775,0.1663220520105031,-0.07057247258818533,0.09371526224440546,0.1888481048424056,0.03829287721640993,-0.0618579221068886,0.04201038644343607,0.025910205600587828,0.08902521645666862,0.01522350500894145,0.047291017213360015,0.005448090590777575,-0.039439118959818456,0.08921103011390093,-0.007181685939142559,-0.0781875331198322,-0.1299823890241908,-0.035379053165570745,0.021232666210666138,-0.20075967177732543,0.0422976164432685,-0.09721439211381466,0.15217073171504159,-0.09146755052543179,0.01961786706733283,0.08372713793258185,0.012083516994563115,-0.05316095844593693,-0.12289171985353729,0.21025575236876515,-0.08703285459401239,-0.14769996880712277,-0.027362013422265533,0.13714701507912694,0.3948915137916851,0.32496216801162303,0.20488387871117938,-0.1198333323736061,-0.009168078607485818,-0.06623270583397493,0.005633273110136061,-0.0008723800432231879,-0.03430866759061925,-0.005681975579142268,0.019750164427854267,-0.029323052415323014
63,0.13418011282513456,-0.016700741890273835,-0.10851516239782076,-0.1507368571088378,0.11653876591853744,-0.12848482187175575,-0.055385992778247024,-0.2353948256580354,0.07412588409594864,0.15819935666980084,0.04545686312630558,0.08235345503503431,-0.1499574842906282,-0.0363602124462015,0.09456064401496607,-0.050417073459528707,0.26544645927198024,-0.04725578317245508,0.02425858256832142,-0.0013863530146128369,-0.002892932803012966,0.23041335683398328,0.2371821095657159,0.0010170353817303968,0.03270904559903323,-0.06018276700886746,-0.061817392677986166,-0.04276576125192414,-0.05704638531922426,-0.15705503571472273,-0.3083492386025208,-0.046002077443651306,0.12372519541801458,-0.10645396445764693,0.03683159561938401,0.026072932889764047,-0.36447170766039366,0.107033751055569,-0.030867095305510028,0.06204420442625627,0.003969223528705358,0.14136723097022008,-0.055822239608317434,0.1443429077796048,0.043213348883581526,0.1695220403301897,0.04605383300590093,-0.12826069702472503,0.0841096766870967,0.08192352956794358,-0.015262263293688544,-0.06795654207090839,-0.2812287225225222,-0.24962964255923797,-0.14450350394325145,0.088180820094877,-0.01801778225895024,0.03741442175692575,0.026367574718590747,-0.023405278315093328,0.03555703358411125,0.020977563204693656,-0.03720695902776225,0.015233850079670208
